,Name,Type,Total,HP,Attack,Defense,Sp.Atk,Sp.Def,Speed
0,Bulbasaur,Grass,318,45,49,49,65,65,45
1,Bulbasaur,Poison,318,45,49,49,65,65,45
2,Ivysaur,Grass,405,60,62,63,80,80,60
3,Ivysaur,Poison,405,60,62,63,80,80,60
4,Venusaur,Grass,525,80,82,83,100,100,80
5,Venusaur,Poison,525,80,82,83,100,100,80
6,Venusaur Mega Venusaur,Grass,625,80,100,123,122,120,80
7,Venusaur Mega Venusaur,Poison,625,80,100,123,122,120,80
8,Charmander,Fire,309,39,52,43,60,50,65
9,Charmeleon,Fire,405,58,64,58,80,65,80
10,Charizard,Fire,534,78,84,78,109,85,100
11,Charizard,Flying,534,78,84,78,109,85,100
12,Charizard Mega Charizard X,Fire,634,78,130,111,130,85,100
13,Charizard Mega Charizard X,Dragon,634,78,130,111,130,85,100
14,Charizard Mega Charizard Y,Fire,634,78,104,78,159,115,100
15,Charizard Mega Charizard Y,Flying,634,78,104,78,159,115,100
16,Squirtle,Water,314,44,48,65,50,64,43
17,Wartortle,Water,405,59,63,80,65,80,58
18,Blastoise,Water,530,79,83,100,85,105,78
19,Blastoise Mega Blastoise,Water,630,79,103,120,135,115,78
20,Caterpie,Bug,195,45,30,35,20,20,45
21,Metapod,Bug,205,50,20,55,25,25,30
22,Butterfree,Bug,395,60,45,50,90,80,70
23,Butterfree,Flying,395,60,45,50,90,80,70
24,Weedle,Bug,195,40,35,30,20,20,50
25,Weedle,Poison,195,40,35,30,20,20,50
26,Kakuna,Bug,205,45,25,50,25,25,35
27,Kakuna,Poison,205,45,25,50,25,25,35
28,Beedrill,Bug,395,65,90,40,45,80,75
29,Beedrill,Poison,395,65,90,40,45,80,75
30,Beedrill Mega Beedrill,Bug,495,65,150,40,15,80,145
31,Beedrill Mega Beedrill,Poison,495,65,150,40,15,80,145
32,Pidgey,Normal,251,40,45,40,35,35,56
33,Pidgey,Flying,251,40,45,40,35,35,56
34,Pidgeotto,Normal,349,63,60,55,50,50,71
35,Pidgeotto,Flying,349,63,60,55,50,50,71
36,Pidgeot,Normal,479,83,80,75,70,70,101
37,Pidgeot,Flying,479,83,80,75,70,70,101
38,Pidgeot Mega Pidgeot,Normal,579,83,80,80,135,80,121
39,Pidgeot Mega Pidgeot,Flying,579,83,80,80,135,80,121
40,Rattata,Normal,253,30,56,35,25,35,72
41,Rattata Alolan Rattata,Dark,253,30,56,35,25,35,72
42,Rattata Alolan Rattata,Normal,253,30,56,35,25,35,72
43,Raticate,Normal,413,55,81,60,50,70,97
44,Raticate Alolan Raticate,Dark,413,75,71,70,40,80,77
45,Raticate Alolan Raticate,Normal,413,75,71,70,40,80,77
46,Spearow,Normal,262,40,60,30,31,31,70
47,Spearow,Flying,262,40,60,30,31,31,70
48,Fearow,Normal,442,65,90,65,61,61,100
49,Fearow,Flying,442,65,90,65,61,61,100
50,Ekans,Poison,288,35,60,44,40,54,55
51,Arbok,Poison,448,60,95,69,65,79,80
52,Pikachu,Electric,320,35,55,40,50,50,90
53,Pikachu Partner Pikachu,Electric,430,45,80,50,75,60,120
54,Raichu,Electric,485,60,90,55,90,80,110
55,Raichu Alolan Raichu,Electric,485,60,85,50,95,85,110
56,Raichu Alolan Raichu,Psychic,485,60,85,50,95,85,110
57,Sandshrew,Ground,300,50,75,85,20,30,40
58,Sandshrew Alolan Sandshrew,Ice,300,50,75,90,10,35,40
59,Sandshrew Alolan Sandshrew,Steel,300,50,75,90,10,35,40
60,Sandslash,Ground,450,75,100,110,45,55,65
61,Sandslash Alolan Sandslash,Ice,450,75,100,120,25,65,65
62,Sandslash Alolan Sandslash,Steel,450,75,100,120,25,65,65
63,Nidoran♀,Poison,275,55,47,52,40,40,41
64,Nidorina,Poison,365,70,62,67,55,55,56
65,Nidoqueen,Poison,505,90,92,87,75,85,76
66,Nidoqueen,Ground,505,90,92,87,75,85,76
67,Nidoran♂,Poison,273,46,57,40,40,40,50
68,Nidorino,Poison,365,61,72,57,55,55,65
69,Nidoking,Poison,505,81,102,77,85,75,85
70,Nidoking,Ground,505,81,102,77,85,75,85
71,Clefairy,Fairy,323,70,45,48,60,65,35
72,Clefable,Fairy,483,95,70,73,95,90,60
73,Vulpix,Fire,299,38,41,40,50,65,65
74,Vulpix Alolan Vulpix,Ice,299,38,41,40,50,65,65
75,Ninetales,Fire,505,73,76,75,81,100,100
76,Ninetales Alolan Ninetales,Ice,505,73,67,75,81,100,109
77,Ninetales Alolan Ninetales,Fairy,505,73,67,75,81,100,109
78,Jigglypuff,Normal,270,115,45,20,45,25,20
79,Jigglypuff,Fairy,270,115,45,20,45,25,20
80,Wigglytuff,Normal,435,140,70,45,85,50,45
81,Wigglytuff,Fairy,435,140,70,45,85,50,45
82,Zubat,Poison,245,40,45,35,30,40,55
83,Zubat,Flying,245,40,45,35,30,40,55
84,Golbat,Poison,455,75,80,70,65,75,90
85,Golbat,Flying,455,75,80,70,65,75,90
86,Oddish,Grass,320,45,50,55,75,65,30
87,Oddish,Poison,320,45,50,55,75,65,30
88,Gloom,Grass,395,60,65,70,85,75,40
89,Gloom,Poison,395,60,65,70,85,75,40
90,Vileplume,Grass,490,75,80,85,110,90,50
91,Vileplume,Poison,490,75,80,85,110,90,50
92,Paras,Bug,285,35,70,55,45,55,25
93,Paras,Grass,285,35,70,55,45,55,25
94,Parasect,Bug,405,60,95,80,60,80,30
95,Parasect,Grass,405,60,95,80,60,80,30
96,Venonat,Bug,305,60,55,50,40,55,45
97,Venonat,Poison,305,60,55,50,40,55,45
98,Venomoth,Bug,450,70,65,60,90,75,90
99,Venomoth,Poison,450,70,65,60,90,75,90
100,Diglett,Ground,265,10,55,25,35,45,95
101,Diglett Alolan Diglett,Ground,265,10,55,30,35,45,90
102,Diglett Alolan Diglett,Steel,265,10,55,30,35,45,90
103,Dugtrio,Ground,425,35,100,50,50,70,120
104,Dugtrio Alolan Dugtrio,Ground,425,35,100,60,50,70,110
105,Dugtrio Alolan Dugtrio,Steel,425,35,100,60,50,70,110
106,Meowth,Normal,290,40,45,35,40,40,90
107,Meowth Alolan Meowth,Dark,290,40,35,35,50,40,90
108,Meowth Galarian Meowth,Steel,290,50,65,55,40,40,40
109,Persian,Normal,440,65,70,60,65,65,115
110,Persian Alolan Persian,Dark,440,65,60,60,75,65,115
111,Psyduck,Water,320,50,52,48,65,50,55
112,Golduck,Water,500,80,82,78,95,80,85
113,Mankey,Fighting,305,40,80,35,35,45,70
114,Primeape,Fighting,455,65,105,60,60,70,95
115,Growlithe,Fire,350,55,70,45,70,50,60
116,Arcanine,Fire,555,90,110,80,100,80,95
117,Poliwag,Water,300,40,50,40,40,40,90
118,Poliwhirl,Water,385,65,65,65,50,50,90
119,Poliwrath,Water,510,90,95,95,70,90,70
120,Poliwrath,Fighting,510,90,95,95,70,90,70
121,Abra,Psychic,310,25,20,15,105,55,90
122,Kadabra,Psychic,400,40,35,30,120,70,105
123,Alakazam,Psychic,500,55,50,45,135,95,120
124,Alakazam Mega Alakazam,Psychic,600,55,50,65,175,105,150
125,Machop,Fighting,305,70,80,50,35,35,35
126,Machoke,Fighting,405,80,100,70,50,60,45
127,Machamp,Fighting,505,90,130,80,65,85,55
128,Bellsprout,Grass,300,50,75,35,70,30,40
129,Bellsprout,Poison,300,50,75,35,70,30,40
130,Weepinbell,Grass,390,65,90,50,85,45,55
131,Weepinbell,Poison,390,65,90,50,85,45,55
132,Victreebel,Grass,490,80,105,65,100,70,70
133,Victreebel,Poison,490,80,105,65,100,70,70
134,Tentacool,Water,335,40,40,35,50,100,70
135,Tentacool,Poison,335,40,40,35,50,100,70
136,Tentacruel,Water,515,80,70,65,80,120,100
137,Tentacruel,Poison,515,80,70,65,80,120,100
138,Geodude,Rock,300,40,80,100,30,30,20
139,Geodude,Ground,300,40,80,100,30,30,20
140,Geodude Alolan Geodude,Rock,300,40,80,100,30,30,20
141,Geodude Alolan Geodude,Electric,300,40,80,100,30,30,20
142,Graveler,Rock,390,55,95,115,45,45,35
143,Graveler,Ground,390,55,95,115,45,45,35
144,Graveler Alolan Graveler,Rock,390,55,95,115,45,45,35
145,Graveler Alolan Graveler,Electric,390,55,95,115,45,45,35
146,Golem,Rock,495,80,120,130,55,65,45
147,Golem,Ground,495,80,120,130,55,65,45
148,Golem Alolan Golem,Rock,495,80,120,130,55,65,45
149,Golem Alolan Golem,Electric,495,80,120,130,55,65,45
150,Ponyta,Fire,410,50,85,55,65,65,90
151,Ponyta Galarian Ponyta,Psychic,410,50,85,55,65,65,90
152,Rapidash,Fire,500,65,100,70,80,80,105
153,Rapidash Galarian Rapidash,Psychic,500,65,100,70,80,80,105
154,Rapidash Galarian Rapidash,Fairy,500,65,100,70,80,80,105
155,Slowpoke,Water,315,90,65,65,40,40,15
156,Slowpoke,Psychic,315,90,65,65,40,40,15
157,Slowpoke Galarian Slowpoke,Psychic,315,90,65,65,40,40,15
158,Slowbro,Water,490,95,75,110,100,80,30
159,Slowbro,Psychic,490,95,75,110,100,80,30
160,Slowbro Mega Slowbro,Water,590,95,75,180,130,80,30
161,Slowbro Mega Slowbro,Psychic,590,95,75,180,130,80,30
162,Slowbro Galarian Slowbro,Poison,490,95,100,95,100,70,30
163,Slowbro Galarian Slowbro,Psychic,490,95,100,95,100,70,30
164,Magnemite,Electric,325,25,35,70,95,55,45
165,Magnemite,Steel,325,25,35,70,95,55,45
166,Magneton,Electric,465,50,60,95,120,70,70
167,Magneton,Steel,465,50,60,95,120,70,70
168,Farfetch'd,Normal,377,52,90,55,58,62,60
169,Farfetch'd,Flying,377,52,90,55,58,62,60
170,Farfetch'd Galarian Farfetch'd,Fighting,377,52,95,55,58,62,55
171,Doduo,Normal,310,35,85,45,35,35,75
172,Doduo,Flying,310,35,85,45,35,35,75
173,Dodrio,Normal,470,60,110,70,60,60,110
174,Dodrio,Flying,470,60,110,70,60,60,110
175,Seel,Water,325,65,45,55,45,70,45
176,Dewgong,Water,475,90,70,80,70,95,70
177,Dewgong,Ice,475,90,70,80,70,95,70
178,Grimer,Poison,325,80,80,50,40,50,25
179,Grimer Alolan Grimer,Poison,325,80,80,50,40,50,25
180,Grimer Alolan Grimer,Dark,325,80,80,50,40,50,25
181,Muk,Poison,500,105,105,75,65,100,50
182,Muk Alolan Muk,Poison,500,105,105,75,65,100,50
183,Muk Alolan Muk,Dark,500,105,105,75,65,100,50
184,Shellder,Water,305,30,65,100,45,25,40
185,Cloyster,Water,525,50,95,180,85,45,70
186,Cloyster,Ice,525,50,95,180,85,45,70
187,Gastly,Ghost,310,30,35,30,100,35,80
188,Gastly,Poison,310,30,35,30,100,35,80
189,Haunter,Ghost,405,45,50,45,115,55,95
190,Haunter,Poison,405,45,50,45,115,55,95
191,Gengar,Ghost,500,60,65,60,130,75,110
192,Gengar,Poison,500,60,65,60,130,75,110
193,Gengar Mega Gengar,Ghost,600,60,65,80,170,95,130
194,Gengar Mega Gengar,Poison,600,60,65,80,170,95,130
195,Onix,Rock,385,35,45,160,30,45,70
196,Onix,Ground,385,35,45,160,30,45,70
197,Drowzee,Psychic,328,60,48,45,43,90,42
198,Hypno,Psychic,483,85,73,70,73,115,67
199,Krabby,Water,325,30,105,90,25,25,50
200,Kingler,Water,475,55,130,115,50,50,75
201,Voltorb,Electric,330,40,30,50,55,55,100
202,Electrode,Electric,490,60,50,70,80,80,150
203,Exeggcute,Grass,325,60,40,80,60,45,40
204,Exeggcute,Psychic,325,60,40,80,60,45,40
205,Exeggutor,Grass,530,95,95,85,125,75,55
206,Exeggutor,Psychic,530,95,95,85,125,75,55
207,Exeggutor Alolan Exeggutor,Grass,530,95,105,85,125,75,45
208,Exeggutor Alolan Exeggutor,Dragon,530,95,105,85,125,75,45
209,Cubone,Ground,320,50,50,95,40,50,35
210,Marowak,Ground,425,60,80,110,50,80,45
211,Marowak Alolan Marowak,Fire,425,60,80,110,50,80,45
212,Marowak Alolan Marowak,Ghost,425,60,80,110,50,80,45
213,Hitmonlee,Fighting,455,50,120,53,35,110,87
214,Hitmonchan,Fighting,455,50,105,79,35,110,76
215,Lickitung,Normal,385,90,55,75,60,75,30
216,Koffing,Poison,340,40,65,95,60,45,35
217,Weezing,Poison,490,65,90,120,85,70,60
218,Weezing Galarian Weezing,Poison,490,65,90,120,85,70,60
219,Weezing Galarian Weezing,Fairy,490,65,90,120,85,70,60
220,Rhyhorn,Ground,345,80,85,95,30,30,25
221,Rhyhorn,Rock,345,80,85,95,30,30,25
222,Rhydon,Ground,485,105,130,120,45,45,40
223,Rhydon,Rock,485,105,130,120,45,45,40
224,Chansey,Normal,450,250,5,5,35,105,50
225,Tangela,Grass,435,65,55,115,100,40,60
226,Kangaskhan,Normal,490,105,95,80,40,80,90
227,Kangaskhan Mega Kangaskhan,Normal,590,105,125,100,60,100,100
228,Horsea,Water,295,30,40,70,70,25,60
229,Seadra,Water,440,55,65,95,95,45,85
230,Goldeen,Water,320,45,67,60,35,50,63
231,Seaking,Water,450,80,92,65,65,80,68
232,Staryu,Water,340,30,45,55,70,55,85
233,Starmie,Water,520,60,75,85,100,85,115
234,Starmie,Psychic,520,60,75,85,100,85,115
235,Mr. Mime,Psychic,460,40,45,65,100,120,90
236,Mr. Mime,Fairy,460,40,45,65,100,120,90
237,Mr. Mime Galarian Mr. Mime,Psychic,460,50,65,65,90,90,100
238,Mr. Mime Galarian Mr. Mime,Ice,460,50,65,65,90,90,100
239,Scyther,Bug,500,70,110,80,55,80,105
240,Scyther,Flying,500,70,110,80,55,80,105
241,Jynx,Ice,455,65,50,35,115,95,95
242,Jynx,Psychic,455,65,50,35,115,95,95
243,Electabuzz,Electric,490,65,83,57,95,85,105
244,Magmar,Fire,495,65,95,57,100,85,93
245,Pinsir,Bug,500,65,125,100,55,70,85
246,Pinsir Mega Pinsir,Bug,600,65,155,120,65,90,105
247,Pinsir Mega Pinsir,Flying,600,65,155,120,65,90,105
248,Tauros,Normal,490,75,100,95,40,70,110
249,Magikarp,Water,200,20,10,55,15,20,80
250,Gyarados,Water,540,95,125,79,60,100,81
251,Gyarados,Flying,540,95,125,79,60,100,81
252,Gyarados Mega Gyarados,Water,640,95,155,109,70,130,81
253,Gyarados Mega Gyarados,Dark,640,95,155,109,70,130,81
254,Lapras,Water,535,130,85,80,85,95,60
255,Lapras,Ice,535,130,85,80,85,95,60
256,Ditto,Normal,288,48,48,48,48,48,48
257,Eevee,Normal,325,55,55,50,45,65,55
258,Eevee Partner Eevee,Normal,435,65,75,70,65,85,75
259,Vaporeon,Water,525,130,65,60,110,95,65
260,Jolteon,Electric,525,65,65,60,110,95,130
261,Flareon,Fire,525,65,130,60,95,110,65
262,Porygon,Normal,395,65,60,70,85,75,40
263,Omanyte,Rock,355,35,40,100,90,55,35
264,Omanyte,Water,355,35,40,100,90,55,35
265,Omastar,Rock,495,70,60,125,115,70,55
266,Omastar,Water,495,70,60,125,115,70,55
267,Kabuto,Rock,355,30,80,90,55,45,55
268,Kabuto,Water,355,30,80,90,55,45,55
269,Kabutops,Rock,495,60,115,105,65,70,80
270,Kabutops,Water,495,60,115,105,65,70,80
271,Aerodactyl,Rock,515,80,105,65,60,75,130
272,Aerodactyl,Flying,515,80,105,65,60,75,130
273,Aerodactyl Mega Aerodactyl,Rock,615,80,135,85,70,95,150
274,Aerodactyl Mega Aerodactyl,Flying,615,80,135,85,70,95,150
275,Snorlax,Normal,540,160,110,65,65,110,30
276,Articuno,Ice,580,90,85,100,95,125,85
277,Articuno,Flying,580,90,85,100,95,125,85
278,Zapdos,Electric,580,90,90,85,125,90,100
279,Zapdos,Flying,580,90,90,85,125,90,100
280,Moltres,Fire,580,90,100,90,125,85,90
281,Moltres,Flying,580,90,100,90,125,85,90
282,Dratini,Dragon,300,41,64,45,50,50,50
283,Dragonair,Dragon,420,61,84,65,70,70,70
284,Dragonite,Dragon,600,91,134,95,100,100,80
285,Dragonite,Flying,600,91,134,95,100,100,80
286,Mewtwo,Psychic,680,106,110,90,154,90,130
287,Mewtwo Mega Mewtwo X,Psychic,780,106,190,100,154,100,130
288,Mewtwo Mega Mewtwo X,Fighting,780,106,190,100,154,100,130
289,Mewtwo Mega Mewtwo Y,Psychic,780,106,150,70,194,120,140
290,Mew,Psychic,600,100,100,100,100,100,100
291,Chikorita,Grass,318,45,49,65,49,65,45
292,Bayleef,Grass,405,60,62,80,63,80,60
293,Meganium,Grass,525,80,82,100,83,100,80
294,Cyndaquil,Fire,309,39,52,43,60,50,65
295,Quilava,Fire,405,58,64,58,80,65,80
296,Typhlosion,Fire,534,78,84,78,109,85,100
297,Totodile,Water,314,50,65,64,44,48,43
298,Croconaw,Water,405,65,80,80,59,63,58
299,Feraligatr,Water,530,85,105,100,79,83,78
300,Sentret,Normal,215,35,46,34,35,45,20
301,Furret,Normal,415,85,76,64,45,55,90
302,Hoothoot,Normal,262,60,30,30,36,56,50
303,Hoothoot,Flying,262,60,30,30,36,56,50
304,Noctowl,Normal,452,100,50,50,86,96,70
305,Noctowl,Flying,452,100,50,50,86,96,70
306,Ledyba,Bug,265,40,20,30,40,80,55
307,Ledyba,Flying,265,40,20,30,40,80,55
308,Ledian,Bug,390,55,35,50,55,110,85
309,Ledian,Flying,390,55,35,50,55,110,85
310,Spinarak,Bug,250,40,60,40,40,40,30
311,Spinarak,Poison,250,40,60,40,40,40,30
312,Ariados,Bug,400,70,90,70,60,70,40
313,Ariados,Poison,400,70,90,70,60,70,40
314,Crobat,Poison,535,85,90,80,70,80,130
315,Crobat,Flying,535,85,90,80,70,80,130
316,Chinchou,Water,330,75,38,38,56,56,67
317,Chinchou,Electric,330,75,38,38,56,56,67
318,Lanturn,Water,460,125,58,58,76,76,67
319,Lanturn,Electric,460,125,58,58,76,76,67
320,Pichu,Electric,205,20,40,15,35,35,60
321,Cleffa,Fairy,218,50,25,28,45,55,15
322,Igglybuff,Normal,210,90,30,15,40,20,15
323,Igglybuff,Fairy,210,90,30,15,40,20,15
324,Togepi,Fairy,245,35,20,65,40,65,20
325,Togetic,Fairy,405,55,40,85,80,105,40
326,Togetic,Flying,405,55,40,85,80,105,40
327,Natu,Psychic,320,40,50,45,70,45,70
328,Natu,Flying,320,40,50,45,70,45,70
329,Xatu,Psychic,470,65,75,70,95,70,95
330,Xatu,Flying,470,65,75,70,95,70,95
331,Mareep,Electric,280,55,40,40,65,45,35
332,Flaaffy,Electric,365,70,55,55,80,60,45
333,Ampharos,Electric,510,90,75,85,115,90,55
334,Ampharos Mega Ampharos,Electric,610,90,95,105,165,110,45
335,Ampharos Mega Ampharos,Dragon,610,90,95,105,165,110,45
336,Bellossom,Grass,490,75,80,95,90,100,50
337,Marill,Water,250,70,20,50,20,50,40
338,Marill,Fairy,250,70,20,50,20,50,40
339,Azumarill,Water,420,100,50,80,60,80,50
340,Azumarill,Fairy,420,100,50,80,60,80,50
341,Sudowoodo,Rock,410,70,100,115,30,65,30
342,Politoed,Water,500,90,75,75,90,100,70
343,Hoppip,Grass,250,35,35,40,35,55,50
344,Hoppip,Flying,250,35,35,40,35,55,50
345,Skiploom,Grass,340,55,45,50,45,65,80
346,Skiploom,Flying,340,55,45,50,45,65,80
347,Jumpluff,Grass,460,75,55,70,55,95,110
348,Jumpluff,Flying,460,75,55,70,55,95,110
349,Aipom,Normal,360,55,70,55,40,55,85
350,Sunkern,Grass,180,30,30,30,30,30,30
351,Sunflora,Grass,425,75,75,55,105,85,30
352,Yanma,Bug,390,65,65,45,75,45,95
353,Yanma,Flying,390,65,65,45,75,45,95
354,Wooper,Water,210,55,45,45,25,25,15
355,Wooper,Ground,210,55,45,45,25,25,15
356,Quagsire,Water,430,95,85,85,65,65,35
357,Quagsire,Ground,430,95,85,85,65,65,35
358,Espeon,Psychic,525,65,65,60,130,95,110
359,Umbreon,Dark,525,95,65,110,60,130,65
360,Murkrow,Dark,405,60,85,42,85,42,91
361,Murkrow,Flying,405,60,85,42,85,42,91
362,Slowking,Water,490,95,75,80,100,110,30
363,Slowking,Psychic,490,95,75,80,100,110,30
364,Misdreavus,Ghost,435,60,60,60,85,85,85
365,Unown,Psychic,336,48,72,48,72,48,48
366,Wobbuffet,Psychic,405,190,33,58,33,58,33
367,Girafarig,Normal,455,70,80,65,90,65,85
368,Girafarig,Psychic,455,70,80,65,90,65,85
369,Pineco,Bug,290,50,65,90,35,35,15
370,Forretress,Bug,465,75,90,140,60,60,40
371,Forretress,Steel,465,75,90,140,60,60,40
372,Dunsparce,Normal,415,100,70,70,65,65,45
373,Gligar,Ground,430,65,75,105,35,65,85
374,Gligar,Flying,430,65,75,105,35,65,85
375,Steelix,Steel,510,75,85,200,55,65,30
376,Steelix,Ground,510,75,85,200,55,65,30
377,Steelix Mega Steelix,Steel,610,75,125,230,55,95,30
378,Steelix Mega Steelix,Ground,610,75,125,230,55,95,30
379,Snubbull,Fairy,300,60,80,50,40,40,30
380,Granbull,Fairy,450,90,120,75,60,60,45
381,Qwilfish,Water,440,65,95,85,55,55,85
382,Qwilfish,Poison,440,65,95,85,55,55,85
383,Scizor,Bug,500,70,130,100,55,80,65
384,Scizor,Steel,500,70,130,100,55,80,65
385,Scizor Mega Scizor,Bug,600,70,150,140,65,100,75
386,Scizor Mega Scizor,Steel,600,70,150,140,65,100,75
387,Shuckle,Bug,505,20,10,230,10,230,5
388,Shuckle,Rock,505,20,10,230,10,230,5
389,Heracross,Bug,500,80,125,75,40,95,85
390,Heracross,Fighting,500,80,125,75,40,95,85
391,Heracross Mega Heracross,Bug,600,80,185,115,40,105,75
392,Heracross Mega Heracross,Fighting,600,80,185,115,40,105,75
393,Sneasel,Dark,430,55,95,55,35,75,115
394,Sneasel,Ice,430,55,95,55,35,75,115
395,Teddiursa,Normal,330,60,80,50,50,50,40
396,Ursaring,Normal,500,90,130,75,75,75,55
397,Slugma,Fire,250,40,40,40,70,40,20
398,Magcargo,Fire,430,60,50,120,90,80,30
399,Magcargo,Rock,430,60,50,120,90,80,30
400,Swinub,Ice,250,50,50,40,30,30,50
401,Swinub,Ground,250,50,50,40,30,30,50
402,Piloswine,Ice,450,100,100,80,60,60,50
403,Piloswine,Ground,450,100,100,80,60,60,50
404,Corsola,Water,410,65,55,95,65,95,35
405,Corsola,Rock,410,65,55,95,65,95,35
406,Corsola Galarian Corsola,Ghost,410,60,55,100,65,100,30
407,Remoraid,Water,300,35,65,35,65,35,65
408,Octillery,Water,480,75,105,75,105,75,45
409,Delibird,Ice,330,45,55,45,65,45,75
410,Delibird,Flying,330,45,55,45,65,45,75
411,Mantine,Water,485,85,40,70,80,140,70
412,Mantine,Flying,485,85,40,70,80,140,70
413,Skarmory,Steel,465,65,80,140,40,70,70
414,Skarmory,Flying,465,65,80,140,40,70,70
415,Houndour,Dark,330,45,60,30,80,50,65
416,Houndour,Fire,330,45,60,30,80,50,65
417,Houndoom,Dark,500,75,90,50,110,80,95
418,Houndoom,Fire,500,75,90,50,110,80,95
419,Houndoom Mega Houndoom,Dark,600,75,90,90,140,90,115
420,Houndoom Mega Houndoom,Fire,600,75,90,90,140,90,115
421,Kingdra,Water,540,75,95,95,95,95,85
422,Kingdra,Dragon,540,75,95,95,95,95,85
423,Phanpy,Ground,330,90,60,60,40,40,40
424,Donphan,Ground,500,90,120,120,60,60,50
425,Porygon2,Normal,515,85,80,90,105,95,60
426,Stantler,Normal,465,73,95,62,85,65,85
427,Smeargle,Normal,250,55,20,35,20,45,75
428,Tyrogue,Fighting,210,35,35,35,35,35,35
429,Hitmontop,Fighting,455,50,95,95,35,110,70
430,Smoochum,Ice,305,45,30,15,85,65,65
431,Smoochum,Psychic,305,45,30,15,85,65,65
432,Elekid,Electric,360,45,63,37,65,55,95
433,Magby,Fire,365,45,75,37,70,55,83
434,Miltank,Normal,490,95,80,105,40,70,100
435,Blissey,Normal,540,255,10,10,75,135,55
436,Raikou,Electric,580,90,85,75,115,100,115
437,Entei,Fire,580,115,115,85,90,75,100
438,Suicune,Water,580,100,75,115,90,115,85
439,Larvitar,Rock,300,50,64,50,45,50,41
440,Larvitar,Ground,300,50,64,50,45,50,41
441,Pupitar,Rock,410,70,84,70,65,70,51
442,Pupitar,Ground,410,70,84,70,65,70,51
443,Tyranitar,Rock,600,100,134,110,95,100,61
444,Tyranitar,Dark,600,100,134,110,95,100,61
445,Tyranitar Mega Tyranitar,Rock,700,100,164,150,95,120,71
446,Tyranitar Mega Tyranitar,Dark,700,100,164,150,95,120,71
447,Lugia,Psychic,680,106,90,130,90,154,110
448,Lugia,Flying,680,106,90,130,90,154,110
449,Ho-oh,Fire,680,106,130,90,110,154,90
450,Ho-oh,Flying,680,106,130,90,110,154,90
451,Celebi,Psychic,600,100,100,100,100,100,100
452,Celebi,Grass,600,100,100,100,100,100,100
453,Treecko,Grass,310,40,45,35,65,55,70
454,Grovyle,Grass,405,50,65,45,85,65,95
455,Sceptile,Grass,530,70,85,65,105,85,120
456,Sceptile Mega Sceptile,Grass,630,70,110,75,145,85,145
457,Sceptile Mega Sceptile,Dragon,630,70,110,75,145,85,145
458,Torchic,Fire,310,45,60,40,70,50,45
459,Combusken,Fire,405,60,85,60,85,60,55
460,Combusken,Fighting,405,60,85,60,85,60,55
461,Blaziken,Fire,530,80,120,70,110,70,80
462,Blaziken,Fighting,530,80,120,70,110,70,80
463,Blaziken Mega Blaziken,Fire,630,80,160,80,130,80,100
464,Blaziken Mega Blaziken,Fighting,630,80,160,80,130,80,100
465,Mudkip,Water,310,50,70,50,50,50,40
466,Marshtomp,Water,405,70,85,70,60,70,50
467,Marshtomp,Ground,405,70,85,70,60,70,50
468,Swampert,Water,535,100,110,90,85,90,60
469,Swampert,Ground,535,100,110,90,85,90,60
470,Swampert Mega Swampert,Water,635,100,150,110,95,110,70
471,Swampert Mega Swampert,Ground,635,100,150,110,95,110,70
472,Poochyena,Dark,220,35,55,35,30,30,35
473,Mightyena,Dark,420,70,90,70,60,60,70
474,Zigzagoon,Normal,240,38,30,41,30,41,60
475,Zigzagoon Galarian Zigzagoon,Dark,240,38,30,41,30,41,60
476,Zigzagoon Galarian Zigzagoon,Normal,240,38,30,41,30,41,60
477,Linoone,Normal,420,78,70,61,50,61,100
478,Linoone Galarian Linoone,Dark,420,78,70,61,50,61,100
479,Linoone Galarian Linoone,Normal,420,78,70,61,50,61,100
480,Wurmple,Bug,195,45,45,35,20,30,20
481,Silcoon,Bug,205,50,35,55,25,25,15
482,Beautifly,Bug,395,60,70,50,100,50,65
483,Beautifly,Flying,395,60,70,50,100,50,65
484,Cascoon,Bug,205,50,35,55,25,25,15
485,Dustox,Bug,385,60,50,70,50,90,65
486,Dustox,Poison,385,60,50,70,50,90,65
487,Lotad,Water,220,40,30,30,40,50,30
488,Lotad,Grass,220,40,30,30,40,50,30
489,Lombre,Water,340,60,50,50,60,70,50
490,Lombre,Grass,340,60,50,50,60,70,50
491,Ludicolo,Water,480,80,70,70,90,100,70
492,Ludicolo,Grass,480,80,70,70,90,100,70
493,Seedot,Grass,220,40,40,50,30,30,30
494,Nuzleaf,Grass,340,70,70,40,60,40,60
495,Nuzleaf,Dark,340,70,70,40,60,40,60
496,Shiftry,Grass,480,90,100,60,90,60,80
497,Shiftry,Dark,480,90,100,60,90,60,80
498,Taillow,Normal,270,40,55,30,30,30,85
499,Taillow,Flying,270,40,55,30,30,30,85
500,Swellow,Normal,455,60,85,60,75,50,125
501,Swellow,Flying,455,60,85,60,75,50,125
502,Wingull,Water,270,40,30,30,55,30,85
503,Wingull,Flying,270,40,30,30,55,30,85
504,Pelipper,Water,440,60,50,100,95,70,65
505,Pelipper,Flying,440,60,50,100,95,70,65
506,Ralts,Psychic,198,28,25,25,45,35,40
507,Ralts,Fairy,198,28,25,25,45,35,40
508,Kirlia,Psychic,278,38,35,35,65,55,50
509,Kirlia,Fairy,278,38,35,35,65,55,50
510,Gardevoir,Psychic,518,68,65,65,125,115,80
511,Gardevoir,Fairy,518,68,65,65,125,115,80
512,Gardevoir Mega Gardevoir,Psychic,618,68,85,65,165,135,100
513,Gardevoir Mega Gardevoir,Fairy,618,68,85,65,165,135,100
514,Surskit,Bug,269,40,30,32,50,52,65
515,Surskit,Water,269,40,30,32,50,52,65
516,Masquerain,Bug,454,70,60,62,100,82,80
517,Masquerain,Flying,454,70,60,62,100,82,80
518,Shroomish,Grass,295,60,40,60,40,60,35
519,Breloom,Grass,460,60,130,80,60,60,70
520,Breloom,Fighting,460,60,130,80,60,60,70
521,Slakoth,Normal,280,60,60,60,35,35,30
522,Vigoroth,Normal,440,80,80,80,55,55,90
523,Slaking,Normal,670,150,160,100,95,65,100
524,Nincada,Bug,266,31,45,90,30,30,40
525,Nincada,Ground,266,31,45,90,30,30,40
526,Ninjask,Bug,456,61,90,45,50,50,160
527,Ninjask,Flying,456,61,90,45,50,50,160
528,Shedinja,Bug,236,1,90,45,30,30,40
529,Shedinja,Ghost,236,1,90,45,30,30,40
530,Whismur,Normal,240,64,51,23,51,23,28
531,Loudred,Normal,360,84,71,43,71,43,48
532,Exploud,Normal,490,104,91,63,91,73,68
533,Makuhita,Fighting,237,72,60,30,20,30,25
534,Hariyama,Fighting,474,144,120,60,40,60,50
535,Azurill,Normal,190,50,20,40,20,40,20
536,Azurill,Fairy,190,50,20,40,20,40,20
537,Nosepass,Rock,375,30,45,135,45,90,30
538,Skitty,Normal,260,50,45,45,35,35,50
539,Delcatty,Normal,400,70,65,65,55,55,90
540,Sableye,Dark,380,50,75,75,65,65,50
541,Sableye,Ghost,380,50,75,75,65,65,50
542,Sableye Mega Sableye,Dark,480,50,85,125,85,115,20
543,Sableye Mega Sableye,Ghost,480,50,85,125,85,115,20
544,Mawile,Steel,380,50,85,85,55,55,50
545,Mawile,Fairy,380,50,85,85,55,55,50
546,Mawile Mega Mawile,Steel,480,50,105,125,55,95,50
547,Mawile Mega Mawile,Fairy,480,50,105,125,55,95,50
548,Aron,Steel,330,50,70,100,40,40,30
549,Aron,Rock,330,50,70,100,40,40,30
550,Lairon,Steel,430,60,90,140,50,50,40
551,Lairon,Rock,430,60,90,140,50,50,40
552,Aggron,Steel,530,70,110,180,60,60,50
553,Aggron,Rock,530,70,110,180,60,60,50
554,Aggron Mega Aggron,Steel,630,70,140,230,60,80,50
555,Meditite,Fighting,280,30,40,55,40,55,60
556,Meditite,Psychic,280,30,40,55,40,55,60
557,Medicham,Fighting,410,60,60,75,60,75,80
558,Medicham,Psychic,410,60,60,75,60,75,80
559,Medicham Mega Medicham,Fighting,510,60,100,85,80,85,100
560,Medicham Mega Medicham,Psychic,510,60,100,85,80,85,100
561,Electrike,Electric,295,40,45,40,65,40,65
562,Manectric,Electric,475,70,75,60,105,60,105
563,Manectric Mega Manectric,Electric,575,70,75,80,135,80,135
564,Plusle,Electric,405,60,50,40,85,75,95
565,Minun,Electric,405,60,40,50,75,85,95
566,Volbeat,Bug,430,65,73,75,47,85,85
567,Illumise,Bug,430,65,47,75,73,85,85
568,Roselia,Grass,400,50,60,45,100,80,65
569,Roselia,Poison,400,50,60,45,100,80,65
570,Gulpin,Poison,302,70,43,53,43,53,40
571,Swalot,Poison,467,100,73,83,73,83,55
572,Carvanha,Water,305,45,90,20,65,20,65
573,Carvanha,Dark,305,45,90,20,65,20,65
574,Sharpedo,Water,460,70,120,40,95,40,95
575,Sharpedo,Dark,460,70,120,40,95,40,95
576,Sharpedo Mega Sharpedo,Water,560,70,140,70,110,65,105
577,Sharpedo Mega Sharpedo,Dark,560,70,140,70,110,65,105
578,Wailmer,Water,400,130,70,35,70,35,60
579,Wailord,Water,500,170,90,45,90,45,60
580,Numel,Fire,305,60,60,40,65,45,35
581,Numel,Ground,305,60,60,40,65,45,35
582,Camerupt,Fire,460,70,100,70,105,75,40
583,Camerupt,Ground,460,70,100,70,105,75,40
584,Camerupt Mega Camerupt,Fire,560,70,120,100,145,105,20
585,Camerupt Mega Camerupt,Ground,560,70,120,100,145,105,20
586,Torkoal,Fire,470,70,85,140,85,70,20
587,Spoink,Psychic,330,60,25,35,70,80,60
588,Grumpig,Psychic,470,80,45,65,90,110,80
589,Spinda,Normal,360,60,60,60,60,60,60
590,Trapinch,Ground,290,45,100,45,45,45,10
591,Vibrava,Ground,340,50,70,50,50,50,70
592,Vibrava,Dragon,340,50,70,50,50,50,70
593,Flygon,Ground,520,80,100,80,80,80,100
594,Flygon,Dragon,520,80,100,80,80,80,100
595,Cacnea,Grass,335,50,85,40,85,40,35
596,Cacturne,Grass,475,70,115,60,115,60,55
597,Cacturne,Dark,475,70,115,60,115,60,55
598,Swablu,Normal,310,45,40,60,40,75,50
599,Swablu,Flying,310,45,40,60,40,75,50
600,Altaria,Dragon,490,75,70,90,70,105,80
601,Altaria,Flying,490,75,70,90,70,105,80
602,Altaria Mega Altaria,Dragon,590,75,110,110,110,105,80
603,Altaria Mega Altaria,Fairy,590,75,110,110,110,105,80
604,Zangoose,Normal,458,73,115,60,60,60,90
605,Seviper,Poison,458,73,100,60,100,60,65
606,Lunatone,Rock,460,90,55,65,95,85,70
607,Lunatone,Psychic,460,90,55,65,95,85,70
608,Solrock,Rock,460,90,95,85,55,65,70
609,Solrock,Psychic,460,90,95,85,55,65,70
610,Barboach,Water,288,50,48,43,46,41,60
611,Barboach,Ground,288,50,48,43,46,41,60
612,Whiscash,Water,468,110,78,73,76,71,60
613,Whiscash,Ground,468,110,78,73,76,71,60
614,Corphish,Water,308,43,80,65,50,35,35
615,Crawdaunt,Water,468,63,120,85,90,55,55
616,Crawdaunt,Dark,468,63,120,85,90,55,55
617,Baltoy,Ground,300,40,40,55,40,70,55
618,Baltoy,Psychic,300,40,40,55,40,70,55
619,Claydol,Ground,500,60,70,105,70,120,75
620,Claydol,Psychic,500,60,70,105,70,120,75
621,Lileep,Rock,355,66,41,77,61,87,23
622,Lileep,Grass,355,66,41,77,61,87,23
623,Cradily,Rock,495,86,81,97,81,107,43
624,Cradily,Grass,495,86,81,97,81,107,43
625,Anorith,Rock,355,45,95,50,40,50,75
626,Anorith,Bug,355,45,95,50,40,50,75
627,Armaldo,Rock,495,75,125,100,70,80,45
628,Armaldo,Bug,495,75,125,100,70,80,45
629,Feebas,Water,200,20,15,20,10,55,80
630,Milotic,Water,540,95,60,79,100,125,81
631,Castform,Normal,420,70,70,70,70,70,70
632,Castform Sunny Form,Fire,420,70,70,70,70,70,70
633,Castform Rainy Form,Water,420,70,70,70,70,70,70
634,Castform Snowy Form,Ice,420,70,70,70,70,70,70
635,Kecleon,Normal,440,60,90,70,60,120,40
636,Shuppet,Ghost,295,44,75,35,63,33,45
637,Banette,Ghost,455,64,115,65,83,63,65
638,Banette Mega Banette,Ghost,555,64,165,75,93,83,75
639,Duskull,Ghost,295,20,40,90,30,90,25
640,Dusclops,Ghost,455,40,70,130,60,130,25
641,Tropius,Grass,460,99,68,83,72,87,51
642,Tropius,Flying,460,99,68,83,72,87,51
643,Chimecho,Psychic,455,75,50,80,95,90,65
644,Absol,Dark,465,65,130,60,75,60,75
645,Absol Mega Absol,Dark,565,65,150,60,115,60,115
646,Wynaut,Psychic,260,95,23,48,23,48,23
647,Snorunt,Ice,300,50,50,50,50,50,50
648,Glalie,Ice,480,80,80,80,80,80,80
649,Glalie Mega Glalie,Ice,580,80,120,80,120,80,100
650,Spheal,Ice,290,70,40,50,55,50,25
651,Spheal,Water,290,70,40,50,55,50,25
652,Sealeo,Ice,410,90,60,70,75,70,45
653,Sealeo,Water,410,90,60,70,75,70,45
654,Walrein,Ice,530,110,80,90,95,90,65
655,Walrein,Water,530,110,80,90,95,90,65
656,Clamperl,Water,345,35,64,85,74,55,32
657,Huntail,Water,485,55,104,105,94,75,52
658,Gorebyss,Water,485,55,84,105,114,75,52
659,Relicanth,Water,485,100,90,130,45,65,55
660,Relicanth,Rock,485,100,90,130,45,65,55
661,Luvdisc,Water,330,43,30,55,40,65,97
662,Bagon,Dragon,300,45,75,60,40,30,50
663,Shelgon,Dragon,420,65,95,100,60,50,50
664,Salamence,Dragon,600,95,135,80,110,80,100
665,Salamence,Flying,600,95,135,80,110,80,100
666,Salamence Mega Salamence,Dragon,700,95,145,130,120,90,120
667,Salamence Mega Salamence,Flying,700,95,145,130,120,90,120
668,Beldum,Steel,300,40,55,80,35,60,30
669,Beldum,Psychic,300,40,55,80,35,60,30
670,Metang,Steel,420,60,75,100,55,80,50
671,Metang,Psychic,420,60,75,100,55,80,50
672,Metagross,Steel,600,80,135,130,95,90,70
673,Metagross,Psychic,600,80,135,130,95,90,70
674,Metagross Mega Metagross,Steel,700,80,145,150,105,110,110
675,Metagross Mega Metagross,Psychic,700,80,145,150,105,110,110
676,Regirock,Rock,580,80,100,200,50,100,50
677,Regice,Ice,580,80,50,100,100,200,50
678,Registeel,Steel,580,80,75,150,75,150,50
679,Latias,Dragon,600,80,80,90,110,130,110
680,Latias,Psychic,600,80,80,90,110,130,110
681,Latias Mega Latias,Dragon,700,80,100,120,140,150,110
682,Latias Mega Latias,Psychic,700,80,100,120,140,150,110
683,Latios,Dragon,600,80,90,80,130,110,110
684,Latios,Psychic,600,80,90,80,130,110,110
685,Latios Mega Latios,Dragon,700,80,130,100,160,120,110
686,Latios Mega Latios,Psychic,700,80,130,100,160,120,110
687,Kyogre,Water,670,100,100,90,150,140,90
688,Kyogre Primal Kyogre,Water,770,100,150,90,180,160,90
689,Groudon,Ground,670,100,150,140,100,90,90
690,Groudon Primal Groudon,Ground,770,100,180,160,150,90,90
691,Groudon Primal Groudon,Fire,770,100,180,160,150,90,90
692,Rayquaza,Dragon,680,105,150,90,150,90,95
693,Rayquaza,Flying,680,105,150,90,150,90,95
694,Rayquaza Mega Rayquaza,Dragon,780,105,180,100,180,100,115
695,Rayquaza Mega Rayquaza,Flying,780,105,180,100,180,100,115
696,Jirachi,Steel,600,100,100,100,100,100,100
697,Jirachi,Psychic,600,100,100,100,100,100,100
698,Deoxys Normal Forme,Psychic,600,50,150,50,150,50,150
699,Deoxys Attack Forme,Psychic,600,50,180,20,180,20,150
700,Deoxys Defense Forme,Psychic,600,50,70,160,70,160,90
701,Deoxys Speed Forme,Psychic,600,50,95,90,95,90,180
702,Turtwig,Grass,318,55,68,64,45,55,31
703,Grotle,Grass,405,75,89,85,55,65,36
704,Torterra,Grass,525,95,109,105,75,85,56
705,Torterra,Ground,525,95,109,105,75,85,56
706,Chimchar,Fire,309,44,58,44,58,44,61
707,Monferno,Fire,405,64,78,52,78,52,81
708,Monferno,Fighting,405,64,78,52,78,52,81
709,Infernape,Fire,534,76,104,71,104,71,108
710,Infernape,Fighting,534,76,104,71,104,71,108
711,Piplup,Water,314,53,51,53,61,56,40
712,Prinplup,Water,405,64,66,68,81,76,50
713,Empoleon,Water,530,84,86,88,111,101,60
714,Empoleon,Steel,530,84,86,88,111,101,60
715,Starly,Normal,245,40,55,30,30,30,60
716,Starly,Flying,245,40,55,30,30,30,60
717,Staravia,Normal,340,55,75,50,40,40,80
718,Staravia,Flying,340,55,75,50,40,40,80
719,Staraptor,Normal,485,85,120,70,50,60,100
720,Staraptor,Flying,485,85,120,70,50,60,100
721,Bidoof,Normal,250,59,45,40,35,40,31
722,Bibarel,Normal,410,79,85,60,55,60,71
723,Bibarel,Water,410,79,85,60,55,60,71
724,Kricketot,Bug,194,37,25,41,25,41,25
725,Kricketune,Bug,384,77,85,51,55,51,65
726,Shinx,Electric,263,45,65,34,40,34,45
727,Luxio,Electric,363,60,85,49,60,49,60
728,Luxray,Electric,523,80,120,79,95,79,70
729,Budew,Grass,280,40,30,35,50,70,55
730,Budew,Poison,280,40,30,35,50,70,55
731,Roserade,Grass,515,60,70,65,125,105,90
732,Roserade,Poison,515,60,70,65,125,105,90
733,Cranidos,Rock,350,67,125,40,30,30,58
734,Rampardos,Rock,495,97,165,60,65,50,58
735,Shieldon,Rock,350,30,42,118,42,88,30
736,Shieldon,Steel,350,30,42,118,42,88,30
737,Bastiodon,Rock,495,60,52,168,47,138,30
738,Bastiodon,Steel,495,60,52,168,47,138,30
739,Burmy,Bug,224,40,29,45,29,45,36
740,Wormadam Plant Cloak,Bug,424,60,59,85,79,105,36
741,Wormadam Plant Cloak,Grass,424,60,59,85,79,105,36
742,Wormadam Sandy Cloak,Bug,424,60,79,105,59,85,36
743,Wormadam Sandy Cloak,Ground,424,60,79,105,59,85,36
744,Wormadam Trash Cloak,Bug,424,60,69,95,69,95,36
745,Wormadam Trash Cloak,Steel,424,60,69,95,69,95,36
746,Mothim,Bug,424,70,94,50,94,50,66
747,Mothim,Flying,424,70,94,50,94,50,66
748,Combee,Bug,244,30,30,42,30,42,70
749,Combee,Flying,244,30,30,42,30,42,70
750,Vespiquen,Bug,474,70,80,102,80,102,40
751,Vespiquen,Flying,474,70,80,102,80,102,40
752,Pachirisu,Electric,405,60,45,70,45,90,95
753,Buizel,Water,330,55,65,35,60,30,85
754,Floatzel,Water,495,85,105,55,85,50,115
755,Cherubi,Grass,275,45,35,45,62,53,35
756,Cherrim,Grass,450,70,60,70,87,78,85
757,Shellos,Water,325,76,48,48,57,62,34
758,Gastrodon,Water,475,111,83,68,92,82,39
759,Gastrodon,Ground,475,111,83,68,92,82,39
760,Ambipom,Normal,482,75,100,66,60,66,115
761,Drifloon,Ghost,348,90,50,34,60,44,70
762,Drifloon,Flying,348,90,50,34,60,44,70
763,Drifblim,Ghost,498,150,80,44,90,54,80
764,Drifblim,Flying,498,150,80,44,90,54,80
765,Buneary,Normal,350,55,66,44,44,56,85
766,Lopunny,Normal,480,65,76,84,54,96,105
767,Lopunny Mega Lopunny,Normal,580,65,136,94,54,96,135
768,Lopunny Mega Lopunny,Fighting,580,65,136,94,54,96,135
769,Mismagius,Ghost,495,60,60,60,105,105,105
770,Honchkrow,Dark,505,100,125,52,105,52,71
771,Honchkrow,Flying,505,100,125,52,105,52,71
772,Glameow,Normal,310,49,55,42,42,37,85
773,Purugly,Normal,452,71,82,64,64,59,112
774,Chingling,Psychic,285,45,30,50,65,50,45
775,Stunky,Poison,329,63,63,47,41,41,74
776,Stunky,Dark,329,63,63,47,41,41,74
777,Skuntank,Poison,479,103,93,67,71,61,84
778,Skuntank,Dark,479,103,93,67,71,61,84
779,Bronzor,Steel,300,57,24,86,24,86,23
780,Bronzor,Psychic,300,57,24,86,24,86,23
781,Bronzong,Steel,500,67,89,116,79,116,33
782,Bronzong,Psychic,500,67,89,116,79,116,33
783,Bonsly,Rock,290,50,80,95,10,45,10
784,Mime Jr.,Psychic,310,20,25,45,70,90,60
785,Mime Jr.,Fairy,310,20,25,45,70,90,60
786,Happiny,Normal,220,100,5,5,15,65,30
787,Chatot,Normal,411,76,65,45,92,42,91
788,Chatot,Flying,411,76,65,45,92,42,91
789,Spiritomb,Ghost,485,50,92,108,92,108,35
790,Spiritomb,Dark,485,50,92,108,92,108,35
791,Gible,Dragon,300,58,70,45,40,45,42
792,Gible,Ground,300,58,70,45,40,45,42
793,Gabite,Dragon,410,68,90,65,50,55,82
794,Gabite,Ground,410,68,90,65,50,55,82
795,Garchomp,Dragon,600,108,130,95,80,85,102
796,Garchomp,Ground,600,108,130,95,80,85,102
797,Garchomp Mega Garchomp,Dragon,700,108,170,115,120,95,92
798,Garchomp Mega Garchomp,Ground,700,108,170,115,120,95,92
799,Munchlax,Normal,390,135,85,40,40,85,5
800,Riolu,Fighting,285,40,70,40,35,40,60
801,Lucario,Fighting,525,70,110,70,115,70,90
802,Lucario,Steel,525,70,110,70,115,70,90
803,Lucario Mega Lucario,Fighting,625,70,145,88,140,70,112
804,Lucario Mega Lucario,Steel,625,70,145,88,140,70,112
805,Hippopotas,Ground,330,68,72,78,38,42,32
806,Hippowdon,Ground,525,108,112,118,68,72,47
807,Skorupi,Poison,330,40,50,90,30,55,65
808,Skorupi,Bug,330,40,50,90,30,55,65
809,Drapion,Poison,500,70,90,110,60,75,95
810,Drapion,Dark,500,70,90,110,60,75,95
811,Croagunk,Poison,300,48,61,40,61,40,50
812,Croagunk,Fighting,300,48,61,40,61,40,50
813,Toxicroak,Poison,490,83,106,65,86,65,85
814,Toxicroak,Fighting,490,83,106,65,86,65,85
815,Carnivine,Grass,454,74,100,72,90,72,46
816,Finneon,Water,330,49,49,56,49,61,66
817,Lumineon,Water,460,69,69,76,69,86,91
818,Mantyke,Water,345,45,20,50,60,120,50
819,Mantyke,Flying,345,45,20,50,60,120,50
820,Snover,Grass,334,60,62,50,62,60,40
821,Snover,Ice,334,60,62,50,62,60,40
822,Abomasnow,Grass,494,90,92,75,92,85,60
823,Abomasnow,Ice,494,90,92,75,92,85,60
824,Abomasnow Mega Abomasnow,Grass,594,90,132,105,132,105,30
825,Abomasnow Mega Abomasnow,Ice,594,90,132,105,132,105,30
826,Weavile,Dark,510,70,120,65,45,85,125
827,Weavile,Ice,510,70,120,65,45,85,125
828,Magnezone,Electric,535,70,70,115,130,90,60
829,Magnezone,Steel,535,70,70,115,130,90,60
830,Lickilicky,Normal,515,110,85,95,80,95,50
831,Rhyperior,Ground,535,115,140,130,55,55,40
832,Rhyperior,Rock,535,115,140,130,55,55,40
833,Tangrowth,Grass,535,100,100,125,110,50,50
834,Electivire,Electric,540,75,123,67,95,85,95
835,Magmortar,Fire,540,75,95,67,125,95,83
836,Togekiss,Fairy,545,85,50,95,120,115,80
837,Togekiss,Flying,545,85,50,95,120,115,80
838,Yanmega,Bug,515,86,76,86,116,56,95
839,Yanmega,Flying,515,86,76,86,116,56,95
840,Leafeon,Grass,525,65,110,130,60,65,95
841,Glaceon,Ice,525,65,60,110,130,95,65
842,Gliscor,Ground,510,75,95,125,45,75,95
843,Gliscor,Flying,510,75,95,125,45,75,95
844,Mamoswine,Ice,530,110,130,80,70,60,80
845,Mamoswine,Ground,530,110,130,80,70,60,80
846,Porygon-Z,Normal,535,85,80,70,135,75,90
847,Gallade,Psychic,518,68,125,65,65,115,80
848,Gallade,Fighting,518,68,125,65,65,115,80
849,Gallade Mega Gallade,Psychic,618,68,165,95,65,115,110
850,Gallade Mega Gallade,Fighting,618,68,165,95,65,115,110
851,Probopass,Rock,525,60,55,145,75,150,40
852,Probopass,Steel,525,60,55,145,75,150,40
853,Dusknoir,Ghost,525,45,100,135,65,135,45
854,Froslass,Ice,480,70,80,70,80,70,110
855,Froslass,Ghost,480,70,80,70,80,70,110
856,Rotom,Electric,440,50,50,77,95,77,91
857,Rotom,Ghost,440,50,50,77,95,77,91
858,Rotom Heat Rotom,Electric,520,50,65,107,105,107,86
859,Rotom Heat Rotom,Fire,520,50,65,107,105,107,86
860,Rotom Wash Rotom,Electric,520,50,65,107,105,107,86
861,Rotom Wash Rotom,Water,520,50,65,107,105,107,86
862,Rotom Frost Rotom,Electric,520,50,65,107,105,107,86
863,Rotom Frost Rotom,Ice,520,50,65,107,105,107,86
864,Rotom Fan Rotom,Electric,520,50,65,107,105,107,86
865,Rotom Fan Rotom,Flying,520,50,65,107,105,107,86
866,Rotom Mow Rotom,Electric,520,50,65,107,105,107,86
867,Rotom Mow Rotom,Grass,520,50,65,107,105,107,86
868,Uxie,Psychic,580,75,75,130,75,130,95
869,Mesprit,Psychic,580,80,105,105,105,105,80
870,Azelf,Psychic,580,75,125,70,125,70,115
871,Dialga,Steel,680,100,120,120,150,100,90
872,Dialga,Dragon,680,100,120,120,150,100,90
873,Palkia,Water,680,90,120,100,150,120,100
874,Palkia,Dragon,680,90,120,100,150,120,100
875,Heatran,Fire,600,91,90,106,130,106,77
876,Heatran,Steel,600,91,90,106,130,106,77
877,Regigigas,Normal,670,110,160,110,80,110,100
878,Giratina Altered Forme,Ghost,680,150,100,120,100,120,90
879,Giratina Altered Forme,Dragon,680,150,100,120,100,120,90
880,Giratina Origin Forme,Ghost,680,150,120,100,120,100,90
881,Giratina Origin Forme,Dragon,680,150,120,100,120,100,90
882,Cresselia,Psychic,600,120,70,120,75,130,85
883,Phione,Water,480,80,80,80,80,80,80
884,Manaphy,Water,600,100,100,100,100,100,100
885,Darkrai,Dark,600,70,90,90,135,90,125
886,Shaymin Land Forme,Grass,600,100,100,100,100,100,100
887,Shaymin Sky Forme,Grass,600,100,103,75,120,75,127
888,Shaymin Sky Forme,Flying,600,100,103,75,120,75,127
889,Arceus,Normal,720,120,120,120,120,120,120
890,Victini,Psychic,600,100,100,100,100,100,100
891,Victini,Fire,600,100,100,100,100,100,100
892,Snivy,Grass,308,45,45,55,45,55,63
893,Servine,Grass,413,60,60,75,60,75,83
894,Serperior,Grass,528,75,75,95,75,95,113
895,Tepig,Fire,308,65,63,45,45,45,45
896,Pignite,Fire,418,90,93,55,70,55,55
897,Pignite,Fighting,418,90,93,55,70,55,55
898,Emboar,Fire,528,110,123,65,100,65,65
899,Emboar,Fighting,528,110,123,65,100,65,65
900,Oshawott,Water,308,55,55,45,63,45,45
901,Dewott,Water,413,75,75,60,83,60,60
902,Samurott,Water,528,95,100,85,108,70,70
903,Patrat,Normal,255,45,55,39,35,39,42
904,Watchog,Normal,420,60,85,69,60,69,77
905,Lillipup,Normal,275,45,60,45,25,45,55
906,Herdier,Normal,370,65,80,65,35,65,60
907,Stoutland,Normal,500,85,110,90,45,90,80
908,Purrloin,Dark,281,41,50,37,50,37,66
909,Liepard,Dark,446,64,88,50,88,50,106
910,Pansage,Grass,316,50,53,48,53,48,64
911,Simisage,Grass,498,75,98,63,98,63,101
912,Pansear,Fire,316,50,53,48,53,48,64
913,Simisear,Fire,498,75,98,63,98,63,101
914,Panpour,Water,316,50,53,48,53,48,64
915,Simipour,Water,498,75,98,63,98,63,101
916,Munna,Psychic,292,76,25,45,67,55,24
917,Musharna,Psychic,487,116,55,85,107,95,29
918,Pidove,Normal,264,50,55,50,36,30,43
919,Pidove,Flying,264,50,55,50,36,30,43
920,Tranquill,Normal,358,62,77,62,50,42,65
921,Tranquill,Flying,358,62,77,62,50,42,65
922,Unfezant,Normal,488,80,115,80,65,55,93
923,Unfezant,Flying,488,80,115,80,65,55,93
924,Blitzle,Electric,295,45,60,32,50,32,76
925,Zebstrika,Electric,497,75,100,63,80,63,116
926,Roggenrola,Rock,280,55,75,85,25,25,15
927,Boldore,Rock,390,70,105,105,50,40,20
928,Gigalith,Rock,515,85,135,130,60,80,25
929,Woobat,Psychic,323,65,45,43,55,43,72
930,Woobat,Flying,323,65,45,43,55,43,72
931,Swoobat,Psychic,425,67,57,55,77,55,114
932,Swoobat,Flying,425,67,57,55,77,55,114
933,Drilbur,Ground,328,60,85,40,30,45,68
934,Excadrill,Ground,508,110,135,60,50,65,88
935,Excadrill,Steel,508,110,135,60,50,65,88
936,Audino,Normal,445,103,60,86,60,86,50
937,Audino Mega Audino,Normal,545,103,60,126,80,126,50
938,Audino Mega Audino,Fairy,545,103,60,126,80,126,50
939,Timburr,Fighting,305,75,80,55,25,35,35
940,Gurdurr,Fighting,405,85,105,85,40,50,40
941,Conkeldurr,Fighting,505,105,140,95,55,65,45
942,Tympole,Water,294,50,50,40,50,40,64
943,Palpitoad,Water,384,75,65,55,65,55,69
944,Palpitoad,Ground,384,75,65,55,65,55,69
945,Seismitoad,Water,509,105,95,75,85,75,74
946,Seismitoad,Ground,509,105,95,75,85,75,74
947,Throh,Fighting,465,120,100,85,30,85,45
948,Sawk,Fighting,465,75,125,75,30,75,85
949,Sewaddle,Bug,310,45,53,70,40,60,42
950,Sewaddle,Grass,310,45,53,70,40,60,42
951,Swadloon,Bug,380,55,63,90,50,80,42
952,Swadloon,Grass,380,55,63,90,50,80,42
953,Leavanny,Bug,500,75,103,80,70,80,92
954,Leavanny,Grass,500,75,103,80,70,80,92
955,Venipede,Bug,260,30,45,59,30,39,57
956,Venipede,Poison,260,30,45,59,30,39,57
957,Whirlipede,Bug,360,40,55,99,40,79,47
958,Whirlipede,Poison,360,40,55,99,40,79,47
959,Scolipede,Bug,485,60,100,89,55,69,112
960,Scolipede,Poison,485,60,100,89,55,69,112
961,Cottonee,Grass,280,40,27,60,37,50,66
962,Cottonee,Fairy,280,40,27,60,37,50,66
963,Whimsicott,Grass,480,60,67,85,77,75,116
964,Whimsicott,Fairy,480,60,67,85,77,75,116
965,Petilil,Grass,280,45,35,50,70,50,30
966,Lilligant,Grass,480,70,60,75,110,75,90
967,Basculin Red-Striped Form,Water,460,70,92,65,80,55,98
968,Basculin Blue-Striped Form,Water,460,70,92,65,80,55,98
969,Sandile,Ground,292,50,72,35,35,35,65
970,Sandile,Dark,292,50,72,35,35,35,65
971,Krokorok,Ground,351,60,82,45,45,45,74
972,Krokorok,Dark,351,60,82,45,45,45,74
973,Krookodile,Ground,519,95,117,80,65,70,92
974,Krookodile,Dark,519,95,117,80,65,70,92
975,Darumaka,Fire,315,70,90,45,15,45,50
976,Darumaka Galarian Darumaka,Ice,315,70,90,45,15,45,50
977,Darmanitan Standard Mode,Fire,480,105,140,55,30,55,95
978,Darmanitan Zen Mode,Fire,540,105,30,105,140,105,55
979,Darmanitan Zen Mode,Psychic,540,105,30,105,140,105,55
980,Darmanitan Galarian Standard Mode,Ice,480,105,140,55,30,55,95
981,Darmanitan Galarian Zen Mode,Ice,540,105,160,55,30,55,135
982,Darmanitan Galarian Zen Mode,Fire,540,105,160,55,30,55,135
983,Maractus,Grass,461,75,86,67,106,67,60
984,Dwebble,Bug,325,50,65,85,35,35,55
985,Dwebble,Rock,325,50,65,85,35,35,55
986,Crustle,Bug,485,70,105,125,65,75,45
987,Crustle,Rock,485,70,105,125,65,75,45
988,Scraggy,Dark,348,50,75,70,35,70,48
989,Scraggy,Fighting,348,50,75,70,35,70,48
990,Scrafty,Dark,488,65,90,115,45,115,58
991,Scrafty,Fighting,488,65,90,115,45,115,58
992,Sigilyph,Psychic,490,72,58,80,103,80,97
993,Sigilyph,Flying,490,72,58,80,103,80,97
994,Yamask,Ghost,303,38,30,85,55,65,30
995,Yamask Galarian Yamask,Ground,303,38,55,85,30,65,30
996,Yamask Galarian Yamask,Ghost,303,38,55,85,30,65,30
997,Cofagrigus,Ghost,483,58,50,145,95,105,30
998,Tirtouga,Water,355,54,78,103,53,45,22
999,Tirtouga,Rock,355,54,78,103,53,45,22
1000,Carracosta,Water,495,74,108,133,83,65,32
1001,Carracosta,Rock,495,74,108,133,83,65,32
1002,Archen,Rock,401,55,112,45,74,45,70
1003,Archen,Flying,401,55,112,45,74,45,70
1004,Archeops,Rock,567,75,140,65,112,65,110
1005,Archeops,Flying,567,75,140,65,112,65,110
1006,Trubbish,Poison,329,50,50,62,40,62,65
1007,Garbodor,Poison,474,80,95,82,60,82,75
1008,Zorua,Dark,330,40,65,40,80,40,65
1009,Zoroark,Dark,510,60,105,60,120,60,105
1010,Minccino,Normal,300,55,50,40,40,40,75
1011,Cinccino,Normal,470,75,95,60,65,60,115
1012,Gothita,Psychic,290,45,30,50,55,65,45
1013,Gothorita,Psychic,390,60,45,70,75,85,55
1014,Gothitelle,Psychic,490,70,55,95,95,110,65
1015,Solosis,Psychic,290,45,30,40,105,50,20
1016,Duosion,Psychic,370,65,40,50,125,60,30
1017,Reuniclus,Psychic,490,110,65,75,125,85,30
1018,Ducklett,Water,305,62,44,50,44,50,55
1019,Ducklett,Flying,305,62,44,50,44,50,55
1020,Swanna,Water,473,75,87,63,87,63,98
1021,Swanna,Flying,473,75,87,63,87,63,98
1022,Vanillite,Ice,305,36,50,50,65,60,44
1023,Vanillish,Ice,395,51,65,65,80,75,59
1024,Vanilluxe,Ice,535,71,95,85,110,95,79
1025,Deerling,Normal,335,60,60,50,40,50,75
1026,Deerling,Grass,335,60,60,50,40,50,75
1027,Sawsbuck,Normal,475,80,100,70,60,70,95
1028,Sawsbuck,Grass,475,80,100,70,60,70,95
1029,Emolga,Electric,428,55,75,60,75,60,103
1030,Emolga,Flying,428,55,75,60,75,60,103
1031,Karrablast,Bug,315,50,75,45,40,45,60
1032,Escavalier,Bug,495,70,135,105,60,105,20
1033,Escavalier,Steel,495,70,135,105,60,105,20
1034,Foongus,Grass,294,69,55,45,55,55,15
1035,Foongus,Poison,294,69,55,45,55,55,15
1036,Amoonguss,Grass,464,114,85,70,85,80,30
1037,Amoonguss,Poison,464,114,85,70,85,80,30
1038,Frillish,Water,335,55,40,50,65,85,40
1039,Frillish,Ghost,335,55,40,50,65,85,40
1040,Jellicent,Water,480,100,60,70,85,105,60
1041,Jellicent,Ghost,480,100,60,70,85,105,60
1042,Alomomola,Water,470,165,75,80,40,45,65
1043,Joltik,Bug,319,50,47,50,57,50,65
1044,Joltik,Electric,319,50,47,50,57,50,65
1045,Galvantula,Bug,472,70,77,60,97,60,108
1046,Galvantula,Electric,472,70,77,60,97,60,108
1047,Ferroseed,Grass,305,44,50,91,24,86,10
1048,Ferroseed,Steel,305,44,50,91,24,86,10
1049,Ferrothorn,Grass,489,74,94,131,54,116,20
1050,Ferrothorn,Steel,489,74,94,131,54,116,20
1051,Klink,Steel,300,40,55,70,45,60,30
1052,Klang,Steel,440,60,80,95,70,85,50
1053,Klinklang,Steel,520,60,100,115,70,85,90
1054,Tynamo,Electric,275,35,55,40,45,40,60
1055,Eelektrik,Electric,405,65,85,70,75,70,40
1056,Eelektross,Electric,515,85,115,80,105,80,50
1057,Elgyem,Psychic,335,55,55,55,85,55,30
1058,Beheeyem,Psychic,485,75,75,75,125,95,40
1059,Litwick,Ghost,275,50,30,55,65,55,20
1060,Litwick,Fire,275,50,30,55,65,55,20
1061,Lampent,Ghost,370,60,40,60,95,60,55
1062,Lampent,Fire,370,60,40,60,95,60,55
1063,Chandelure,Ghost,520,60,55,90,145,90,80
1064,Chandelure,Fire,520,60,55,90,145,90,80
1065,Axew,Dragon,320,46,87,60,30,40,57
1066,Fraxure,Dragon,410,66,117,70,40,50,67
1067,Haxorus,Dragon,540,76,147,90,60,70,97
1068,Cubchoo,Ice,305,55,70,40,60,40,40
1069,Beartic,Ice,505,95,130,80,70,80,50
1070,Cryogonal,Ice,515,80,50,50,95,135,105
1071,Shelmet,Bug,305,50,40,85,40,65,25
1072,Accelgor,Bug,495,80,70,40,100,60,145
1073,Stunfisk,Ground,471,109,66,84,81,99,32
1074,Stunfisk,Electric,471,109,66,84,81,99,32
1075,Stunfisk Galarian Stunfisk,Ground,471,109,81,99,66,84,32
1076,Stunfisk Galarian Stunfisk,Steel,471,109,81,99,66,84,32
1077,Mienfoo,Fighting,350,45,85,50,55,50,65
1078,Mienshao,Fighting,510,65,125,60,95,60,105
1079,Druddigon,Dragon,485,77,120,90,60,90,48
1080,Golett,Ground,303,59,74,50,35,50,35
1081,Golett,Ghost,303,59,74,50,35,50,35
1082,Golurk,Ground,483,89,124,80,55,80,55
1083,Golurk,Ghost,483,89,124,80,55,80,55
1084,Pawniard,Dark,340,45,85,70,40,40,60
1085,Pawniard,Steel,340,45,85,70,40,40,60
1086,Bisharp,Dark,490,65,125,100,60,70,70
1087,Bisharp,Steel,490,65,125,100,60,70,70
1088,Bouffalant,Normal,490,95,110,95,40,95,55
1089,Rufflet,Normal,350,70,83,50,37,50,60
1090,Rufflet,Flying,350,70,83,50,37,50,60
1091,Braviary,Normal,510,100,123,75,57,75,80
1092,Braviary,Flying,510,100,123,75,57,75,80
1093,Vullaby,Dark,370,70,55,75,45,65,60
1094,Vullaby,Flying,370,70,55,75,45,65,60
1095,Mandibuzz,Dark,510,110,65,105,55,95,80
1096,Mandibuzz,Flying,510,110,65,105,55,95,80
1097,Heatmor,Fire,484,85,97,66,105,66,65
1098,Durant,Bug,484,58,109,112,48,48,109
1099,Durant,Steel,484,58,109,112,48,48,109
1100,Deino,Dark,300,52,65,50,45,50,38
1101,Deino,Dragon,300,52,65,50,45,50,38
1102,Zweilous,Dark,420,72,85,70,65,70,58
1103,Zweilous,Dragon,420,72,85,70,65,70,58
1104,Hydreigon,Dark,600,92,105,90,125,90,98
1105,Hydreigon,Dragon,600,92,105,90,125,90,98
1106,Larvesta,Bug,360,55,85,55,50,55,60
1107,Larvesta,Fire,360,55,85,55,50,55,60
1108,Volcarona,Bug,550,85,60,65,135,105,100
1109,Volcarona,Fire,550,85,60,65,135,105,100
1110,Cobalion,Steel,580,91,90,129,90,72,108
1111,Cobalion,Fighting,580,91,90,129,90,72,108
1112,Terrakion,Rock,580,91,129,90,72,90,108
1113,Terrakion,Fighting,580,91,129,90,72,90,108
1114,Virizion,Grass,580,91,90,72,90,129,108
1115,Virizion,Fighting,580,91,90,72,90,129,108
1116,Tornadus Incarnate Forme,Flying,580,79,115,70,125,80,111
1117,Tornadus Therian Forme,Flying,580,79,100,80,110,90,121
1118,Thundurus Incarnate Forme,Electric,580,79,115,70,125,80,111
1119,Thundurus Incarnate Forme,Flying,580,79,115,70,125,80,111
1120,Thundurus Therian Forme,Electric,580,79,105,70,145,80,101
1121,Thundurus Therian Forme,Flying,580,79,105,70,145,80,101
1122,Reshiram,Dragon,680,100,120,100,150,120,90
1123,Reshiram,Fire,680,100,120,100,150,120,90
1124,Zekrom,Dragon,680,100,150,120,120,100,90
1125,Zekrom,Electric,680,100,150,120,120,100,90
1126,Landorus Incarnate Forme,Ground,600,89,125,90,115,80,101
1127,Landorus Incarnate Forme,Flying,600,89,125,90,115,80,101
1128,Landorus Therian Forme,Ground,600,89,145,90,105,80,91
1129,Landorus Therian Forme,Flying,600,89,145,90,105,80,91
1130,Kyurem,Dragon,660,125,130,90,130,90,95
1131,Kyurem,Ice,660,125,130,90,130,90,95
1132,Kyurem Black Kyurem,Dragon,700,125,170,100,120,90,95
1133,Kyurem Black Kyurem,Ice,700,125,170,100,120,90,95
1134,Kyurem White Kyurem,Dragon,700,125,120,90,170,100,95
1135,Kyurem White Kyurem,Ice,700,125,120,90,170,100,95
1136,Keldeo Ordinary Forme,Water,580,91,72,90,129,90,108
1137,Keldeo Ordinary Forme,Fighting,580,91,72,90,129,90,108
1138,Keldeo Resolute Forme,Water,580,91,72,90,129,90,108
1139,Keldeo Resolute Forme,Fighting,580,91,72,90,129,90,108
1140,Meloetta Aria Forme,Normal,600,100,77,77,128,128,90
1141,Meloetta Aria Forme,Psychic,600,100,77,77,128,128,90
1142,Meloetta Pirouette Forme,Normal,600,100,128,90,77,77,128
1143,Meloetta Pirouette Forme,Fighting,600,100,128,90,77,77,128
1144,Genesect,Bug,600,71,120,95,120,95,99
1145,Genesect,Steel,600,71,120,95,120,95,99
1146,Chespin,Grass,313,56,61,65,48,45,38
1147,Quilladin,Grass,405,61,78,95,56,58,57
1148,Chesnaught,Grass,530,88,107,122,74,75,64
1149,Chesnaught,Fighting,530,88,107,122,74,75,64
1150,Fennekin,Fire,307,40,45,40,62,60,60
1151,Braixen,Fire,409,59,59,58,90,70,73
1152,Delphox,Fire,534,75,69,72,114,100,104
1153,Delphox,Psychic,534,75,69,72,114,100,104
1154,Froakie,Water,314,41,56,40,62,44,71
1155,Frogadier,Water,405,54,63,52,83,56,97
1156,Greninja,Water,530,72,95,67,103,71,122
1157,Greninja,Dark,530,72,95,67,103,71,122
1158,Greninja Ash-Greninja,Water,640,72,145,67,153,71,132
1159,Greninja Ash-Greninja,Dark,640,72,145,67,153,71,132
1160,Bunnelby,Normal,237,38,36,38,32,36,57
1161,Diggersby,Normal,423,85,56,77,50,77,78
1162,Diggersby,Ground,423,85,56,77,50,77,78
1163,Fletchling,Normal,278,45,50,43,40,38,62
1164,Fletchling,Flying,278,45,50,43,40,38,62
1165,Fletchinder,Fire,382,62,73,55,56,52,84
1166,Fletchinder,Flying,382,62,73,55,56,52,84
1167,Talonflame,Fire,499,78,81,71,74,69,126
1168,Talonflame,Flying,499,78,81,71,74,69,126
1169,Scatterbug,Bug,200,38,35,40,27,25,35
1170,Spewpa,Bug,213,45,22,60,27,30,29
1171,Vivillon,Bug,411,80,52,50,90,50,89
1172,Vivillon,Flying,411,80,52,50,90,50,89
1173,Litleo,Fire,369,62,50,58,73,54,72
1174,Litleo,Normal,369,62,50,58,73,54,72
1175,Pyroar,Fire,507,86,68,72,109,66,106
1176,Pyroar,Normal,507,86,68,72,109,66,106
1177,Flabébé,Fairy,303,44,38,39,61,79,42
1178,Floette,Fairy,371,54,45,47,75,98,52
1179,Florges,Fairy,552,78,65,68,112,154,75
1180,Skiddo,Grass,350,66,65,48,62,57,52
1181,Gogoat,Grass,531,123,100,62,97,81,68
1182,Pancham,Fighting,348,67,82,62,46,48,43
1183,Pangoro,Fighting,495,95,124,78,69,71,58
1184,Pangoro,Dark,495,95,124,78,69,71,58
1185,Furfrou,Normal,472,75,80,60,65,90,102
1186,Espurr,Psychic,355,62,48,54,63,60,68
1187,Meowstic Male,Psychic,466,74,48,76,83,81,104
1188,Meowstic Female,Psychic,466,74,48,76,83,81,104
1189,Honedge,Steel,325,45,80,100,35,37,28
1190,Honedge,Ghost,325,45,80,100,35,37,28
1191,Doublade,Steel,448,59,110,150,45,49,35
1192,Doublade,Ghost,448,59,110,150,45,49,35
1193,Aegislash Shield Forme,Steel,500,60,50,140,50,140,60
1194,Aegislash Shield Forme,Ghost,500,60,50,140,50,140,60
1195,Aegislash Blade Forme,Steel,500,60,140,50,140,50,60
1196,Aegislash Blade Forme,Ghost,500,60,140,50,140,50,60
1197,Spritzee,Fairy,341,78,52,60,63,65,23
1198,Aromatisse,Fairy,462,101,72,72,99,89,29
1199,Swirlix,Fairy,341,62,48,66,59,57,49
1200,Slurpuff,Fairy,480,82,80,86,85,75,72
1201,Inkay,Dark,288,53,54,53,37,46,45
1202,Inkay,Psychic,288,53,54,53,37,46,45
1203,Malamar,Dark,482,86,92,88,68,75,73
1204,Malamar,Psychic,482,86,92,88,68,75,73
1205,Binacle,Rock,306,42,52,67,39,56,50
1206,Binacle,Water,306,42,52,67,39,56,50
1207,Barbaracle,Rock,500,72,105,115,54,86,68
1208,Barbaracle,Water,500,72,105,115,54,86,68
1209,Skrelp,Poison,320,50,60,60,60,60,30
1210,Skrelp,Water,320,50,60,60,60,60,30
1211,Dragalge,Poison,494,65,75,90,97,123,44
1212,Dragalge,Dragon,494,65,75,90,97,123,44
1213,Clauncher,Water,330,50,53,62,58,63,44
1214,Clawitzer,Water,500,71,73,88,120,89,59
1215,Helioptile,Electric,289,44,38,33,61,43,70
1216,Helioptile,Normal,289,44,38,33,61,43,70
1217,Heliolisk,Electric,481,62,55,52,109,94,109
1218,Heliolisk,Normal,481,62,55,52,109,94,109
1219,Tyrunt,Rock,362,58,89,77,45,45,48
1220,Tyrunt,Dragon,362,58,89,77,45,45,48
1221,Tyrantrum,Rock,521,82,121,119,69,59,71
1222,Tyrantrum,Dragon,521,82,121,119,69,59,71
1223,Amaura,Rock,362,77,59,50,67,63,46
1224,Amaura,Ice,362,77,59,50,67,63,46
1225,Aurorus,Rock,521,123,77,72,99,92,58
1226,Aurorus,Ice,521,123,77,72,99,92,58
1227,Sylveon,Fairy,525,95,65,65,110,130,60
1228,Hawlucha,Fighting,500,78,92,75,74,63,118
1229,Hawlucha,Flying,500,78,92,75,74,63,118
1230,Dedenne,Electric,431,67,58,57,81,67,101
1231,Dedenne,Fairy,431,67,58,57,81,67,101
1232,Carbink,Rock,500,50,50,150,50,150,50
1233,Carbink,Fairy,500,50,50,150,50,150,50
1234,Goomy,Dragon,300,45,50,35,55,75,40
1235,Sliggoo,Dragon,452,68,75,53,83,113,60
1236,Goodra,Dragon,600,90,100,70,110,150,80
1237,Klefki,Steel,470,57,80,91,80,87,75
1238,Klefki,Fairy,470,57,80,91,80,87,75
1239,Phantump,Ghost,309,43,70,48,50,60,38
1240,Phantump,Grass,309,43,70,48,50,60,38
1241,Trevenant,Ghost,474,85,110,76,65,82,56
1242,Trevenant,Grass,474,85,110,76,65,82,56
1243,Pumpkaboo Average Size,Ghost,335,49,66,70,44,55,51
1244,Pumpkaboo Average Size,Grass,335,49,66,70,44,55,51
1245,Pumpkaboo Small Size,Ghost,335,44,66,70,44,55,56
1246,Pumpkaboo Small Size,Grass,335,44,66,70,44,55,56
1247,Pumpkaboo Large Size,Ghost,335,54,66,70,44,55,46
1248,Pumpkaboo Large Size,Grass,335,54,66,70,44,55,46
1249,Pumpkaboo Super Size,Ghost,335,59,66,70,44,55,41
1250,Pumpkaboo Super Size,Grass,335,59,66,70,44,55,41
1251,Gourgeist Average Size,Ghost,494,65,90,122,58,75,84
1252,Gourgeist Average Size,Grass,494,65,90,122,58,75,84
1253,Gourgeist Small Size,Ghost,494,55,85,122,58,75,99
1254,Gourgeist Small Size,Grass,494,55,85,122,58,75,99
1255,Gourgeist Large Size,Ghost,494,75,95,122,58,75,69
1256,Gourgeist Large Size,Grass,494,75,95,122,58,75,69
1257,Gourgeist Super Size,Ghost,494,85,100,122,58,75,54
1258,Gourgeist Super Size,Grass,494,85,100,122,58,75,54
1259,Bergmite,Ice,304,55,69,85,32,35,28
1260,Avalugg,Ice,514,95,117,184,44,46,28
1261,Noibat,Flying,245,40,30,35,45,40,55
1262,Noibat,Dragon,245,40,30,35,45,40,55
1263,Noivern,Flying,535,85,70,80,97,80,123
1264,Noivern,Dragon,535,85,70,80,97,80,123
1265,Xerneas,Fairy,680,126,131,95,131,98,99
1266,Yveltal,Dark,680,126,131,95,131,98,99
1267,Yveltal,Flying,680,126,131,95,131,98,99
1268,Zygarde 50% Forme,Dragon,600,108,100,121,81,95,95
1269,Zygarde 50% Forme,Ground,600,108,100,121,81,95,95
1270,Zygarde 10% Forme,Dragon,486,54,100,71,61,85,115
1271,Zygarde 10% Forme,Ground,486,54,100,71,61,85,115
1272,Zygarde Complete Forme,Dragon,708,216,100,121,91,95,85
1273,Zygarde Complete Forme,Ground,708,216,100,121,91,95,85
1274,Diancie,Rock,600,50,100,150,100,150,50
1275,Diancie,Fairy,600,50,100,150,100,150,50
1276,Diancie Mega Diancie,Rock,700,50,160,110,160,110,110
1277,Diancie Mega Diancie,Fairy,700,50,160,110,160,110,110
1278,Hoopa Hoopa Confined,Psychic,600,80,110,60,150,130,70
1279,Hoopa Hoopa Confined,Ghost,600,80,110,60,150,130,70
1280,Hoopa Hoopa Unbound,Psychic,680,80,160,60,170,130,80
1281,Hoopa Hoopa Unbound,Dark,680,80,160,60,170,130,80
1282,Volcanion,Fire,600,80,110,120,130,90,70
1283,Volcanion,Water,600,80,110,120,130,90,70
1284,Rowlet,Grass,320,68,55,55,50,50,42
1285,Rowlet,Flying,320,68,55,55,50,50,42
1286,Dartrix,Grass,420,78,75,75,70,70,52
1287,Dartrix,Flying,420,78,75,75,70,70,52
1288,Decidueye,Grass,530,78,107,75,100,100,70
1289,Decidueye,Ghost,530,78,107,75,100,100,70
1290,Litten,Fire,320,45,65,40,60,40,70
1291,Torracat,Fire,420,65,85,50,80,50,90
1292,Incineroar,Fire,530,95,115,90,80,90,60
1293,Incineroar,Dark,530,95,115,90,80,90,60
1294,Popplio,Water,320,50,54,54,66,56,40
1295,Brionne,Water,420,60,69,69,91,81,50
1296,Primarina,Water,530,80,74,74,126,116,60
1297,Primarina,Fairy,530,80,74,74,126,116,60
1298,Pikipek,Normal,265,35,75,30,30,30,65
1299,Pikipek,Flying,265,35,75,30,30,30,65
1300,Trumbeak,Normal,355,55,85,50,40,50,75
1301,Trumbeak,Flying,355,55,85,50,40,50,75
1302,Toucannon,Normal,485,80,120,75,75,75,60
1303,Toucannon,Flying,485,80,120,75,75,75,60
1304,Yungoos,Normal,253,48,70,30,30,30,45
1305,Gumshoos,Normal,418,88,110,60,55,60,45
1306,Grubbin,Bug,300,47,62,45,55,45,46
1307,Charjabug,Bug,400,57,82,95,55,75,36
1308,Charjabug,Electric,400,57,82,95,55,75,36
1309,Vikavolt,Bug,500,77,70,90,145,75,43
1310,Vikavolt,Electric,500,77,70,90,145,75,43
1311,Crabrawler,Fighting,338,47,82,57,42,47,63
1312,Crabominable,Fighting,478,97,132,77,62,67,43
1313,Crabominable,Ice,478,97,132,77,62,67,43
1314,Oricorio Baile Style,Fire,476,75,70,70,98,70,93
1315,Oricorio Baile Style,Flying,476,75,70,70,98,70,93
1316,Oricorio Pom-Pom Style,Electric,476,75,70,70,98,70,93
1317,Oricorio Pom-Pom Style,Flying,476,75,70,70,98,70,93
1318,Oricorio Pa'u Style,Psychic,476,75,70,70,98,70,93
1319,Oricorio Pa'u Style,Flying,476,75,70,70,98,70,93
1320,Oricorio Sensu Style,Ghost,476,75,70,70,98,70,93
1321,Oricorio Sensu Style,Flying,476,75,70,70,98,70,93
1322,Cutiefly,Bug,304,40,45,40,55,40,84
1323,Cutiefly,Fairy,304,40,45,40,55,40,84
1324,Ribombee,Bug,464,60,55,60,95,70,124
1325,Ribombee,Fairy,464,60,55,60,95,70,124
1326,Rockruff,Rock,280,45,65,40,30,40,60
1327,Rockruff Own Tempo Rockruff,Rock,280,45,65,40,30,40,60
1328,Lycanroc Midday Form,Rock,487,75,115,65,55,65,112
1329,Lycanroc Midnight Form,Rock,487,85,115,75,55,75,82
1330,Lycanroc Dusk Form,Rock,487,75,117,65,55,65,110
1331,Wishiwashi Solo Form,Water,175,45,20,20,25,25,40
1332,Wishiwashi School Form,Water,620,45,140,130,140,135,30
1333,Mareanie,Poison,305,50,53,62,43,52,45
1334,Mareanie,Water,305,50,53,62,43,52,45
1335,Toxapex,Poison,495,50,63,152,53,142,35
1336,Toxapex,Water,495,50,63,152,53,142,35
1337,Mudbray,Ground,385,70,100,70,45,55,45
1338,Mudsdale,Ground,500,100,125,100,55,85,35
1339,Dewpider,Water,269,38,40,52,40,72,27
1340,Dewpider,Bug,269,38,40,52,40,72,27
1341,Araquanid,Water,454,68,70,92,50,132,42
1342,Araquanid,Bug,454,68,70,92,50,132,42
1343,Fomantis,Grass,250,40,55,35,50,35,35
1344,Lurantis,Grass,480,70,105,90,80,90,45
1345,Morelull,Grass,285,40,35,55,65,75,15
1346,Morelull,Fairy,285,40,35,55,65,75,15
1347,Shiinotic,Grass,405,60,45,80,90,100,30
1348,Shiinotic,Fairy,405,60,45,80,90,100,30
1349,Salandit,Poison,320,48,44,40,71,40,77
1350,Salandit,Fire,320,48,44,40,71,40,77
1351,Salazzle,Poison,480,68,64,60,111,60,117
1352,Salazzle,Fire,480,68,64,60,111,60,117
1353,Stufful,Normal,340,70,75,50,45,50,50
1354,Stufful,Fighting,340,70,75,50,45,50,50
1355,Bewear,Normal,500,120,125,80,55,60,60
1356,Bewear,Fighting,500,120,125,80,55,60,60
1357,Bounsweet,Grass,210,42,30,38,30,38,32
1358,Steenee,Grass,290,52,40,48,40,48,62
1359,Tsareena,Grass,510,72,120,98,50,98,72
1360,Comfey,Fairy,485,51,52,90,82,110,100
1361,Oranguru,Normal,490,90,60,80,90,110,60
1362,Oranguru,Psychic,490,90,60,80,90,110,60
1363,Passimian,Fighting,490,100,120,90,40,60,80
1364,Wimpod,Bug,230,25,35,40,20,30,80
1365,Wimpod,Water,230,25,35,40,20,30,80
1366,Golisopod,Bug,530,75,125,140,60,90,40
1367,Golisopod,Water,530,75,125,140,60,90,40
1368,Sandygast,Ghost,320,55,55,80,70,45,15
1369,Sandygast,Ground,320,55,55,80,70,45,15
1370,Palossand,Ghost,480,85,75,110,100,75,35
1371,Palossand,Ground,480,85,75,110,100,75,35
1372,Pyukumuku,Water,410,55,60,130,30,130,5
1373,Type: Null,Normal,534,95,95,95,95,95,59
1374,Silvally,Normal,570,95,95,95,95,95,95
1375,Minior Meteor Form,Rock,440,60,60,100,60,100,60
1376,Minior Meteor Form,Flying,440,60,60,100,60,100,60
1377,Minior Core Form,Rock,500,60,100,60,100,60,120
1378,Minior Core Form,Flying,500,60,100,60,100,60,120
1379,Komala,Normal,480,65,115,65,75,95,65
1380,Turtonator,Fire,485,60,78,135,91,85,36
1381,Turtonator,Dragon,485,60,78,135,91,85,36
1382,Togedemaru,Electric,435,65,98,63,40,73,96
1383,Togedemaru,Steel,435,65,98,63,40,73,96
1384,Mimikyu,Ghost,476,55,90,80,50,105,96
1385,Mimikyu,Fairy,476,55,90,80,50,105,96
1386,Bruxish,Water,475,68,105,70,70,70,92
1387,Bruxish,Psychic,475,68,105,70,70,70,92
1388,Drampa,Normal,485,78,60,85,135,91,36
1389,Drampa,Dragon,485,78,60,85,135,91,36
1390,Dhelmise,Ghost,517,70,131,100,86,90,40
1391,Dhelmise,Grass,517,70,131,100,86,90,40
1392,Jangmo-o,Dragon,300,45,55,65,45,45,45
1393,Hakamo-o,Dragon,420,55,75,90,65,70,65
1394,Hakamo-o,Fighting,420,55,75,90,65,70,65
1395,Kommo-o,Dragon,600,75,110,125,100,105,85
1396,Kommo-o,Fighting,600,75,110,125,100,105,85
1397,Tapu Koko,Electric,570,70,115,85,95,75,130
1398,Tapu Koko,Fairy,570,70,115,85,95,75,130
1399,Tapu Lele,Psychic,570,70,85,75,130,115,95
1400,Tapu Lele,Fairy,570,70,85,75,130,115,95
1401,Tapu Bulu,Grass,570,70,130,115,85,95,75
1402,Tapu Bulu,Fairy,570,70,130,115,85,95,75
1403,Tapu Fini,Water,570,70,75,115,95,130,85
1404,Tapu Fini,Fairy,570,70,75,115,95,130,85
1405,Cosmog,Psychic,200,43,29,31,29,31,37
1406,Cosmoem,Psychic,400,43,29,131,29,131,37
1407,Solgaleo,Psychic,680,137,137,107,113,89,97
1408,Solgaleo,Steel,680,137,137,107,113,89,97
1409,Lunala,Psychic,680,137,113,89,137,107,97
1410,Lunala,Ghost,680,137,113,89,137,107,97
1411,Nihilego,Rock,570,109,53,47,127,131,103
1412,Nihilego,Poison,570,109,53,47,127,131,103
1413,Buzzwole,Bug,570,107,139,139,53,53,79
1414,Buzzwole,Fighting,570,107,139,139,53,53,79
1415,Pheromosa,Bug,570,71,137,37,137,37,151
1416,Pheromosa,Fighting,570,71,137,37,137,37,151
1417,Xurkitree,Electric,570,83,89,71,173,71,83
1418,Celesteela,Steel,570,97,101,103,107,101,61
1419,Celesteela,Flying,570,97,101,103,107,101,61
1420,Kartana,Grass,570,59,181,131,59,31,109
1421,Kartana,Steel,570,59,181,131,59,31,109
1422,Guzzlord,Dark,570,223,101,53,97,53,43
1423,Guzzlord,Dragon,570,223,101,53,97,53,43
1424,Necrozma,Psychic,600,97,107,101,127,89,79
1425,Necrozma Dusk Mane Necrozma,Psychic,680,97,157,127,113,109,77
1426,Necrozma Dusk Mane Necrozma,Steel,680,97,157,127,113,109,77
1427,Necrozma Dawn Wings Necrozma,Psychic,680,97,113,109,157,127,77
1428,Necrozma Dawn Wings Necrozma,Ghost,680,97,113,109,157,127,77
1429,Necrozma Ultra Necrozma,Psychic,754,97,167,97,167,97,129
1430,Necrozma Ultra Necrozma,Dragon,754,97,167,97,167,97,129
1431,Magearna,Steel,600,80,95,115,130,115,65
1432,Magearna,Fairy,600,80,95,115,130,115,65
1433,Marshadow,Fighting,600,90,125,80,90,90,125
1434,Marshadow,Ghost,600,90,125,80,90,90,125
1435,Poipole,Poison,420,67,73,67,73,67,73
1436,Naganadel,Poison,540,73,73,73,127,73,121
1437,Naganadel,Dragon,540,73,73,73,127,73,121
1438,Stakataka,Rock,570,61,131,211,53,101,13
1439,Stakataka,Steel,570,61,131,211,53,101,13
1440,Blacephalon,Fire,570,53,127,53,151,79,107
1441,Blacephalon,Ghost,570,53,127,53,151,79,107
1442,Zeraora,Electric,600,88,112,75,102,80,143
1443,Meltan,Steel,300,46,65,65,55,35,34
1444,Melmetal,Steel,600,135,143,143,80,65,34
1445,Grookey,Grass,310,50,65,50,40,40,65
1446,Thwackey,Grass,420,70,85,70,55,60,80
1447,Rillaboom,Grass,530,100,125,90,60,70,85
1448,Scorbunny,Fire,310,50,71,40,40,40,69
1449,Raboot,Fire,420,65,86,60,55,60,94
1450,Cinderace,Fire,530,80,116,75,65,75,119
1451,Sobble,Water,310,50,40,40,70,40,70
1452,Drizzile,Water,420,65,60,55,95,55,90
1453,Inteleon,Water,530,70,85,65,125,65,120
1454,Skwovet,Normal,275,70,55,55,35,35,25
1455,Greedent,Normal,460,120,95,95,55,75,20
1456,Rookidee,Flying,245,38,47,35,33,35,57
1457,Corvisquire,Flying,365,68,67,55,43,55,77
1458,Corviknight,Flying,495,98,87,105,53,85,67
1459,Corviknight,Steel,495,98,87,105,53,85,67
1460,Blipbug,Bug,180,25,20,20,25,45,45
1461,Dottler,Bug,335,50,35,80,50,90,30
1462,Dottler,Psychic,335,50,35,80,50,90,30
1463,Orbeetle,Bug,505,60,45,110,80,120,90
1464,Orbeetle,Psychic,505,60,45,110,80,120,90
1465,Nickit,Dark,245,40,28,28,47,52,50
1466,Thievul,Dark,455,70,58,58,87,92,90
1467,Gossifleur,Grass,250,40,40,60,40,60,10
1468,Eldegoss,Grass,460,60,50,90,80,120,60
1469,Wooloo,Normal,270,42,40,55,40,45,48
1470,Dubwool,Normal,490,72,80,100,60,90,88
1471,Chewtle,Water,284,50,64,50,38,38,44
1472,Drednaw,Water,485,90,115,90,48,68,74
1473,Drednaw,Rock,485,90,115,90,48,68,74
1474,Yamper,Electric,270,59,45,50,40,50,26
1475,Boltund,Electric,490,69,90,60,90,60,121
1476,Rolycoly,Rock,240,30,40,50,40,50,30
1477,Carkol,Rock,410,80,60,90,60,70,50
1478,Carkol,Fire,410,80,60,90,60,70,50
1479,Coalossal,Rock,510,110,80,120,80,90,30
1480,Coalossal,Fire,510,110,80,120,80,90,30
1481,Applin,Grass,260,40,40,80,40,40,20
1482,Applin,Dragon,260,40,40,80,40,40,20
1483,Flapple,Grass,485,70,110,80,95,60,70
1484,Flapple,Dragon,485,70,110,80,95,60,70
1485,Appletun,Grass,485,110,85,80,100,80,30
1486,Appletun,Dragon,485,110,85,80,100,80,30
1487,Silicobra,Ground,315,52,57,75,35,50,46
1488,Sandaconda,Ground,510,72,107,125,65,70,71
1489,Cramorant,Flying,475,70,85,55,85,95,85
1490,Cramorant,Water,475,70,85,55,85,95,85
1491,Arrokuda,Water,280,41,63,40,40,30,66
1492,Barraskewda,Water,490,61,123,60,60,50,136
1493,Toxel,Electric,242,40,38,35,54,35,40
1494,Toxel,Poison,242,40,38,35,54,35,40
1495,Toxtricity Low Key Form,Electric,502,75,98,70,114,70,75
1496,Toxtricity Low Key Form,Poison,502,75,98,70,114,70,75
1497,Toxtricity Amped Form,Electric,502,75,98,70,114,70,75
1498,Toxtricity Amped Form,Poison,502,75,98,70,114,70,75
1499,Sizzlipede,Fire,305,50,65,45,50,50,45
1500,Sizzlipede,Bug,305,50,65,45,50,50,45
1501,Centiskorch,Fire,525,100,115,65,90,90,65
1502,Centiskorch,Bug,525,100,115,65,90,90,65
1503,Clobbopus,Fighting,310,50,68,60,50,50,32
1504,Grapploct,Fighting,480,80,118,90,70,80,42
1505,Sinistea,Ghost,308,40,45,45,74,54,50
1506,Polteageist,Ghost,508,60,65,65,134,114,70
1507,Hatenna,Psychic,265,42,30,45,56,53,39
1508,Hattrem,Psychic,370,57,40,65,86,73,49
1509,Hatterene,Psychic,510,57,90,95,136,103,29
1510,Hatterene,Fairy,510,57,90,95,136,103,29
1511,Impidimp,Dark,265,45,45,30,55,40,50
1512,Impidimp,Fairy,265,45,45,30,55,40,50
1513,Morgrem,Dark,370,65,60,45,75,55,70
1514,Morgrem,Fairy,370,65,60,45,75,55,70
1515,Grimmsnarl,Dark,510,95,120,65,95,75,60
1516,Grimmsnarl,Fairy,510,95,120,65,95,75,60
1517,Obstagoon,Dark,520,93,90,101,60,81,95
1518,Obstagoon,Normal,520,93,90,101,60,81,95
1519,Perrserker,Steel,440,70,110,100,50,60,50
1520,Cursola,Ghost,510,60,95,50,145,130,30
1521,Sirfetch'd,Fighting,507,62,135,95,68,82,65
1522,Mr. Rime,Psychic,520,80,85,75,110,100,70
1523,Mr. Rime,Ice,520,80,85,75,110,100,70
1524,Runerigus,Ground,483,58,95,145,50,105,30
1525,Runerigus,Ghost,483,58,95,145,50,105,30
1526,Milcery,Fairy,270,45,40,40,50,61,34
1527,Alcremie,Fairy,495,65,60,75,110,121,64
1528,Falinks,Fighting,470,65,100,100,70,60,75
1529,Pincurchin,Electric,435,48,101,95,91,85,15
1530,Snom,Ice,185,30,25,35,45,30,20
1531,Snom,Bug,185,30,25,35,45,30,20
1532,Frosmoth,Ice,475,70,65,60,125,90,65
1533,Frosmoth,Bug,475,70,65,60,125,90,65
1534,Stonjourner,Rock,470,100,125,135,20,20,70
1535,Eiscue Ice Face,Ice,470,75,80,110,65,90,50
1536,Eiscue Noice Face,Ice,470,75,80,70,65,50,130
1537,Indeedee Male,Psychic,475,60,65,55,105,95,95
1538,Indeedee Male,Normal,475,60,65,55,105,95,95
1539,Indeedee Female,Psychic,475,70,55,65,95,105,85
1540,Indeedee Female,Normal,475,70,55,65,95,105,85
1541,Morpeko Full Belly Mode,Electric,436,58,95,58,70,58,97
1542,Morpeko Full Belly Mode,Dark,436,58,95,58,70,58,97
1543,Morpeko Hangry Mode,Electric,436,58,95,58,70,58,97
1544,Morpeko Hangry Mode,Dark,436,58,95,58,70,58,97
1545,Cufant,Steel,330,72,80,49,40,49,40
1546,Copperajah,Steel,500,122,130,69,80,69,30
1547,Dracozolt,Electric,505,90,100,90,80,70,75
1548,Dracozolt,Dragon,505,90,100,90,80,70,75
1549,Arctozolt,Electric,505,90,100,90,90,80,55
1550,Arctozolt,Ice,505,90,100,90,90,80,55
1551,Dracovish,Water,505,90,90,100,70,80,75
1552,Dracovish,Dragon,505,90,90,100,70,80,75
1553,Arctovish,Water,505,90,90,100,80,90,55
1554,Arctovish,Ice,505,90,90,100,80,90,55
1555,Duraludon,Steel,535,70,95,115,120,50,85
1556,Duraludon,Dragon,535,70,95,115,120,50,85
1557,Dreepy,Dragon,270,28,60,30,40,30,82
1558,Dreepy,Ghost,270,28,60,30,40,30,82
1559,Drakloak,Dragon,410,68,80,50,60,50,102
1560,Drakloak,Ghost,410,68,80,50,60,50,102
1561,Dragapult,Dragon,600,88,120,75,100,75,142
1562,Dragapult,Ghost,600,88,120,75,100,75,142
1563,Zacian Crowned Sword,Fairy,720,92,170,115,80,115,148
1564,Zacian Crowned Sword,Steel,720,92,170,115,80,115,148
1565,Zacian Hero of Many Battles,Fairy,670,92,130,115,80,115,138
1566,Zamazenta Crowned Shield,Fighting,720,92,130,145,80,145,128
1567,Zamazenta Crowned Shield,Steel,720,92,130,145,80,145,128
1568,Zamazenta Hero of Many Battles,Fighting,670,92,130,115,80,115,138
1569,Eternatus,Poison,690,140,85,95,145,95,130
1570,Eternatus,Dragon,690,140,85,95,145,95,130
1571,Eternatus Eternamax,Poison,1125,255,115,250,125,250,130
1572,Eternatus Eternamax,Dragon,1125,255,115,250,125,250,130
1573,Kubfu,Fighting,385,60,90,60,53,50,72
1574,Urshifu Single Strike Style,Fighting,550,100,130,100,63,60,97
1575,Urshifu Single Strike Style,Dark,550,100,130,100,63,60,97
1576,Urshifu Rapid Strike Style,Fighting,550,100,130,100,63,60,97
1577,Urshifu Rapid Strike Style,Water,550,100,130,100,63,60,97
1578,Zarude,Dark,600,105,120,105,70,95,105
1579,Zarude,Grass,600,105,120,105,70,95,105
